-- phpMyAdmin SQL Dump
-- version 3.2.4
-- http://www.phpmyadmin.net
--
-- 主机: localhost
-- 生成日期: 2010 年 08 月 05 日 13:17
-- 服务器版本: 5.1.41
-- PHP 版本: 5.3.1

SET SQL_MODE="NO_AUTO_VALUE_ON_ZERO";


/*!40101 SET @OLD_CHARACTER_SET_CLIENT=@@CHARACTER_SET_CLIENT */;
/*!40101 SET @OLD_CHARACTER_SET_RESULTS=@@CHARACTER_SET_RESULTS */;
/*!40101 SET @OLD_COLLATION_CONNECTION=@@COLLATION_CONNECTION */;
/*!40101 SET NAMES utf8 */;

--
-- 数据库: `vws`
--

-- --------------------------------------------------------

--
-- 表的结构 `vws_def`
--

CREATE TABLE IF NOT EXISTS `vws_def` (
  `id` mediumint(8) NOT NULL AUTO_INCREMENT,
  `pid` mediumint(8) NOT NULL,
  `m_en` varchar(100) NOT NULL,
  `m_zh` varchar(100) NOT NULL,
  `eg_en` varchar(100) NOT NULL,
  `eg_zh` varchar(100) NOT NULL,
  PRIMARY KEY (`id`),
  KEY `pid` (`pid`)
) ENGINE=InnoDB  DEFAULT CHARSET=utf8 AUTO_INCREMENT=675 ;

--
-- 转存表中的数据 `vws_def`
--

INSERT INTO `vws_def` (`id`, `pid`, `m_en`, `m_zh`, `eg_en`, `eg_zh`) VALUES
(1, 1, 'a belief or set of beliefs held and taught by a Church, a political party, etc.', '教义；主义；学说；信条', 'the doctrine of parliamentary sovereignty', '议会主权学说'),
(2, 1, 'a statement of government policy', '（政府政策的）正式声明', 'the Monroe Doctrine', '门罗主义'),
(3, 3, 'the feeling that somebody/something is not good enough to deserve your respect or attention', '鄙视；蔑视；鄙弃', 'contempt', ''),
(4, 4, 'to think that somebody/something is not good enough to deserve your respect', '鄙视；蔑视；鄙弃', 'She disdained his offer of help.', '他提出要帮助，遭到她的鄙弃。'),
(5, 4, 'to refuse to do something because you think that you are too important to do it', '不屑（做某事）', 'He disdained to turn to his son for advice.', '他不屑向自己的儿子请教。'),
(6, 5, 'only to be used by one particular person or group; only given to one particular person or group', '（个人或集体）专用的，专有的，独有的，独占的', 'The hotel has exclusive access to the beach.', '这家旅馆有通向海滩的专用通道。'),
(7, 5, 'of a group, society, etc.', '团体、社团等', 'He belongs to an exclusive club.', '他参加的是一个不轻易吸收新会员的俱乐部。'),
(8, 5, 'of a high quality and expensive and therefore not often bought or used by most people', '高档的；豪华的；高级的', 'an exclusive hotel', '高级旅馆'),
(9, 5, 'not able to exist or be a true statement at the same time as something else', '排斥的；排他的', 'The two options are not mutually exclusive(x3d you can have them both).', '这两种选择并不相互排斥。'),
(10, 5, 'not including somebody/something', '不包括；不算；除…外', 'The price is for accommodation only, exclusive of meals.', '此价只包括住宿，饭费除外。'),
(11, 5, 'exclusively', 'http://www.gstatic.com/dictionary/static/sounds/lf/0/e/ex/exc/exclusively%23_gb_1.mp3', 'a charity that relies almost exclusively on voluntary contributions', '几乎全靠志愿力量的慈善机构'),
(12, 6, 'an item of news or a story about famous people that is published in only one newspaper or magazine', '独家新闻；独家专文；独家报道', '', ''),
(13, 7, 'The fighting escalated into a full-scale war.', '这场交战逐步扩大为全面战争。', '', ''),
(14, 7, 'the escalating costs of health care', '逐渐增加的保健费用', '', ''),
(15, 7, 'We do not want to escalate the war.', '我们不想让战争升级。', '', ''),
(16, 8, 'an escalation in food prices', '食品价格的不断上涨', '', ''),
(17, 8, 'further escalation of the conflict', '冲突的进一步加剧', '', ''),
(18, 9, 'a calm and serious manner that deserves respect', '庄重；庄严；尊严', 'She accepted the criticism with quiet dignity.', '她大度地接受了批评。'),
(19, 9, 'the fact of being given honour and respect by people', '尊贵；高贵；高尚', 'the dignity of work', '工作的光荣'),
(20, 9, 'a sense of your own importance and value', '自豪；自尊；自重', 'Itx27s difficult to preserve your dignity when you have no job and no home.', '一个无家无业的人难以保持自己的尊严。'),
(21, 14, 'authority to rule; control', '统治（权）；管辖；支配', 'Man has dominion over the natural world.', '人类拥有对自然界的统治权。'),
(22, 14, 'an area controlled by one ruler', '领土；版图', 'the vast dominions of the Chinese Empire', '中华帝国的广阔版图'),
(23, 14, 'in the past', '旧时', 'colony', 'protectorate'),
(24, 16, 'a large piece of something, especially food, that has been cut or broken from a larger piece', '（尤指食物切下或掰下的）大块，大片', 'a hunk of bread/cheese/meat', '一大块面包╱干酪╱肉'),
(25, 16, 'a man who is big, strong and sexually attractive', '魁梧性感的男子；猛男', 'Hex27s a real hunk.', '他身材真结实。'),
(26, 17, 'buildings, services, equipment, etc. that are provided for a particular purpose', '设施；设备', 'sports/leisure facilities', '体育／消闲设施'),
(27, 17, 'a special feature of a machine, service, etc. that makes it possible to do something extra', '（机器等的）特别装置；（服务等的）特色', 'a bank account with an overdraft facility', '提供透支服务的银行账户'),
(28, 17, 'a place, usually including buildings, used for a particular purpose or activity', '（供特定用途的）场所', 'the worldx27s largest nuclear waste facility', '世界最大的核废料处理场所'),
(29, 17, 'a natural ability to learn or do something easily', '（学习、做事的）天资，才能，天赋', 'She has a great facility for languages.', '她学语言的天资很高。'),
(30, 18, '', '', '', ''),
(31, 19, 'bullies', 'bullying', '', ''),
(32, 19, 'to frighten or hurt a weaker person; to use your strength or power to make somebody do something', '恐吓；伤害；胁迫', 'My son is being bullied at school.', '我儿子在学校里受欺负。'),
(33, 19, 'bullying', 'http://www.gstatic.com/dictionary/static/sounds/lf/0/b/bu/bul/bullying%23_gb_1.mp3', 'Bullying is a problem in many schools.', '很多学校都出现学生仗势作恶的问题。'),
(34, 21, 'one part of something larger', '部份', 'a substantial/significant portion of the population', '人口中的一大部份／重要部份'),
(35, 21, 'an amount of food that is large enough for one person', '（食物的）一份，一客', 'a generous portion of meat', '一大份肉'),
(36, 21, 'a part of something that is shared with other people', '分享的部份；分担的责任', 'You must accept a portion of the blame for this crisis.', '你必须承担这次危机的一部份责任。'),
(37, 23, 'the colourless liquid part of blood, in which the blood cells, etc. float', '血浆', '', ''),
(38, 23, 'a gas that contains approximately equal numbers of positive and negative electric charges and is pre', '等离子体；等离子气体', '', ''),
(39, 24, 'an ethos of public service', '公益服务的道德意识', '', ''),
(40, 25, 'to attack or kill somebody by squeezing their throat in order to stop them from breathing', '使窒息；掐死；勒死', 'strangle', ''),
(41, 26, 'a device that controls the amount of fuel that goes into the engine of a vehicle, for example the ac', '节流阀；节流杆；风门；风门杆', 'He drove along at full throttle(x3d as fast as possible).', '他全速驾车行驶。'),
(42, 27, 'to encourage something to develop', '促进；助长；培养；鼓励', 'The clubx27s aim is to foster better relations within the community.', '俱乐部的宗旨是促进团体内部的关系。'),
(43, 27, 'to take another personx27s child into your home for a period of time, without becoming his or her le', '代养，抚育，照料（他人子女一段时间）', 'They have fostered over 60 children during the past ten years.', '在过去十年间，他们抚育了 60 多个儿童。'),
(44, 28, 'used with some nouns in connection with the fostering of a child', '（与某些代养有关的名词连用）', 'a foster mother/father/family', '养母／父；代养的家庭'),
(45, 29, 'an inspirational leader', '有感召力的领袖', '', ''),
(46, 30, 'an activity involving a special skill at making things with your hands', '手艺；工艺', 'traditional crafts like basket-weaving', '像编篮子之类的传统工艺'),
(47, 30, 'all the skills needed for a particular activity', '技巧；技能；技艺', 'chefs who learned their craft in top hotels', '在高级饭店学过烹调技艺的厨师'),
(48, 30, 'skill in making people believe what you want them to believe', '诡计；手腕；骗术', 'He knew how to win by craft and diplomacy what he could not gain by force.', '他擅长于通过计谋和外交手腕赢得他用武力无法得到的东西。'),
(49, 30, 'a boat or ship', '小船；船', 'Hundreds of small craft bobbed around the liner as it steamed into the harbour.', '班轮驶进港口时，周围的许多小船颠簸起来。'),
(50, 30, 'an aircraft or spacecraft', '飞行器；飞机；航天器；宇宙飞船；航天飞机', 'craft', ''),
(51, 31, 'to make something using special skills, especially with your hands', '（尤指用手工）精心制作', 'All the furniture is crafted from natural materials.', '所有的家具均采用天然材料精心制作而成。'),
(52, 33, 'the colourless liquid part of blood, in which the blood cells, etc. float', '血浆', '', ''),
(53, 33, 'a gas that contains approximately equal numbers of positive and negative electric charges and is pre', '等离子体；等离子气体', '', ''),
(54, 34, 'an ethos of public service', '公益服务的道德意识', '', ''),
(55, 35, 'to keep a particular quality, feature, etc.; to make sure that something is kept', '保护；维护；保留', 'He was anxious to preserve his reputation.', '他急于维护自己的名声。'),
(56, 35, 'to keep something in its original state in good condition', '维持…的原状；保存；保养', 'a perfectly preserved 14th-century house', '一座保存完好的 14 世纪宅第'),
(57, 35, 'to prevent something, especially food, from decaying by treating it in a particular way', '贮存；保鲜', 'olives preserved in brine', '盐水橄榄'),
(58, 35, 'to keep somebody/something alive, or safe from harm or danger', '使继续存活；保护；保全', 'The society was set up to preserve endangered species from extinction.', '成立这个协会是为了保护濒危物种不致灭绝。'),
(59, 36, 'an activity, a job, an interest, etc. that is thought to be suitable for one particular person or gr', '（某人或群体活动、工作等的）专门领域', 'Football is no longer the preserve of men.', '足球再也不是男人的专利了。'),
(60, 36, 'a type of jam made by boiling fruit with a large amount of sugar', '果酱', '', ''),
(61, 36, 'a type of pickle made by cooking vegetables with salt or vinegar', '腌菜；泡菜', '', ''),
(62, 36, '', '', '', ''),
(63, 37, 'to attack or kill somebody by squeezing their throat in order to stop them from breathing', '使窒息；掐死；勒死', 'strangle', ''),
(64, 38, 'a device that controls the amount of fuel that goes into the engine of a vehicle, for example the ac', '节流阀；节流杆；风门；风门杆', 'He drove along at full throttle(x3d as fast as possible).', '他全速驾车行驶。'),
(65, 39, 'to encourage something to develop', '促进；助长；培养；鼓励', 'The clubx27s aim is to foster better relations within the community.', '俱乐部的宗旨是促进团体内部的关系。'),
(66, 39, 'to take another personx27s child into your home for a period of time, without becoming his or her le', '代养，抚育，照料（他人子女一段时间）', 'They have fostered over 60 children during the past ten years.', '在过去十年间，他们抚育了 60 多个儿童。'),
(67, 40, 'used with some nouns in connection with the fostering of a child', '（与某些代养有关的名词连用）', 'a foster mother/father/family', '养母／父；代养的家庭'),
(68, 41, 'an activity involving a special skill at making things with your hands', '手艺；工艺', 'traditional crafts like basket-weaving', '像编篮子之类的传统工艺'),
(69, 41, 'all the skills needed for a particular activity', '技巧；技能；技艺', 'chefs who learned their craft in top hotels', '在高级饭店学过烹调技艺的厨师'),
(70, 41, 'skill in making people believe what you want them to believe', '诡计；手腕；骗术', 'He knew how to win by craft and diplomacy what he could not gain by force.', '他擅长于通过计谋和外交手腕赢得他用武力无法得到的东西。'),
(71, 41, 'a boat or ship', '小船；船', 'Hundreds of small craft bobbed around the liner as it steamed into the harbour.', '班轮驶进港口时，周围的许多小船颠簸起来。'),
(72, 41, 'an aircraft or spacecraft', '飞行器；飞机；航天器；宇宙飞船；航天飞机', 'craft', ''),
(73, 42, 'to make something using special skills, especially with your hands', '（尤指用手工）精心制作', 'All the furniture is crafted from natural materials.', '所有的家具均采用天然材料精心制作而成。'),
(74, 43, 'a short piece of writing or acting that clearly shows what a particular person, situation, etc. is l', '（清晰展示人物特征、局势等的）短文，简介，花絮；（表演）片段，小品', '', ''),
(75, 43, 'a small picture or drawing, especially on the first page of a book', '（尤指书名页上的）小花饰，小插图', '', ''),
(76, 44, 'deserving to be noticed or to receive attention; important', '值得注意的；显著的；重要的', 'a notable success/achievement/example', '显著的成功／成就；明显的事例'),
(77, 45, 'a famous or important person', '名人；重要人物', 'All the usual local notables were there.', '经常露面的地方名流都在那里。'),
(78, 46, '(especially in the past) a person on a ship who attacks other ships at sea in order to steal from th', '（尤指旧时的）海盗', 'a pirate ship', '海盗船'),
(79, 46, 'a person who makes illegal copies of video tapes, computer programs, books, etc., in order to sell t', '盗版者；盗印者', 'a pirate edition/recording', '盗版；盗录'),
(80, 46, 'a person or an organization that broadcasts illegally', '非法播音的人（或组织）', 'a pirate radio station', '非法电台'),
(81, 46, '', '', '', ''),
(82, 47, 'to copy and use or sell somebodyx27s work or a product without permission and without having the rig', '盗印；窃用', 'pirated computer games/books/videos', '盗版电脑游戏／图书／录像'),
(83, 48, 'to include a large number or range of things', '包含，包括，涉及（大量事物）', 'The job encompasses a wide range of responsibilities.', '这项工作涉及的职责范围很广。'),
(84, 48, 'to surround or cover something completely', '包围；围绕；围住', 'The fog soon encompassed the whole valley.', '大雾很快笼罩了整个山谷。'),
(85, 49, 'a state of balance, especially between opposing forces or influences', '平衡；均衡；均势', 'The point at which the solid and the liquid are in equilibrium is called the freezing point.', '固体和液体的平衡点叫做冰点。'),
(86, 49, 'a calm state of mind and a balance of emotions', '（心情、情绪）平静，安宁；心理平衡', 'He sat down to try and recover his equilibrium.', '他坐了下来，努力恢复平静。'),
(87, 50, '', '', '', ''),
(88, 50, 'a very sad event or situation, especially one that involves death', '悲惨的事；不幸；灾难；惨案', 'Itx27s a tragedy that she died so young.', '她英年早逝是一大悲哀。'),
(89, 51, 'thrust', 'thrust', '', ''),
(90, 51, 'to push something/somebody suddenly or violently in a particular direction; to move quickly and sudd', '猛推；冲；搡；挤；塞', 'He thrust the baby into my arms and ran off.', '他把婴儿往我怀里一塞就跑了。'),
(91, 51, 'to make a sudden strong forward movement at somebody with a weapon, etc.', '刺；戳', 'He thrust at me with a knife.', '他拿刀向我刺来。'),
(92, 52, 'the main point of an argument, a policy, etc.', '（论据、政策等的）要点，要旨，重点', 'The thrust of his argument was that change was needed.', '他的论据要点是改革是必要的。'),
(93, 52, 'a sudden strong movement that pushes something/somebody forward', '猛推；刺；戳；插', 'He killed her with a thrust of the knife.', '他把她一刀刺死了。'),
(94, 52, 'the force that is produced by an engine to push a plane, rocket, etc. forward', '（发动机推动飞机、火箭等的）推力，驱动力', '', ''),
(95, 53, 'a magnificent view of the spires of the city', '城里一座座尖塔巍然高耸的壮观景象', '', ''),
(96, 54, 'We encourage all members to strive for the highest standards.', '我们鼓励所有成员为达到最高标准而努力。', '', ''),
(97, 54, 'striving against corruption', '与腐败现象进行斗争', '', ''),
(98, 54, 'Newspaper editors all strive to be first with a story.', '报纸编辑都力争率先报道。', '', ''),
(99, 54, 'strove', '/strəʊv/', '', ''),
(100, 55, 'our striving for perfection', '我们争取完善的努力', '', ''),
(101, 56, 'He looked at me with intense hatred.', '他满怀敌意地看着我。', '', ''),
(102, 56, 'There was fear and hatred in his voice.', '他的声音里透露着恐惧和仇恨。', '', ''),
(103, 56, 'She felt nothing but hatred for her attacker.', '她对攻击她的人只有恨。', '', ''),
(104, 56, 'a profound hatred of war', '对战争的深恶痛绝', '', ''),
(105, 56, 'racial hatred(x3d between people from different races)', '种族仇恨', '', ''),
(106, 56, 'The debate simply revived old hatreds.', '这一辩论只不过再次挑起了夙仇。', '', ''),
(107, 57, 'The women wore veils in deference to the customs of the country.', '这些妇女戴着面纱是遵从这个国家的习俗。', '', ''),
(108, 57, 'The flags were lowered out of deference to the bereaved family.', '降旗是出于对死者家属的尊重。', '', ''),
(109, 60, '/ˈprɒspekt/', 'http://www.gstatic.com/dictionary/static/sounds/lf/0/p/pr/pro/prospect%23_gb_1.mp3', '', ''),
(110, 60, 'the possibility that something will happen', '可能性；希望', 'There is no immediate prospect of peace.', '短期内没有和平的可能。'),
(111, 60, 'an idea of what might or will happen in the future', '前景；展望；设想', 'an exciting prospect', '令人兴奋的前景'),
(112, 60, 'the chances of being successful', '成功的机会；前景；前途', 'good job/employment/career prospects', '美好的工作／就业／事业前途'),
(113, 60, 'a person who is likely to be successful in a competition', '（竞赛中的）有望获胜者', 'She is one of Britainx27s best prospects for a gold medal.', '她是英国最有希望夺得金牌者之一。'),
(114, 60, 'a wide view of an area of land, etc.', '风景；景色', 'a delightful prospect of the lake', '令人心旷神怡的湖上风光'),
(115, 61, '/prəˈspekt/', 'http://www.gstatic.com/dictionary/static/sounds/lf/0/p/pr/pro/prospect%23_gb_2.mp3', '', ''),
(116, 61, 'to search an area for gold, minerals, oil, etc.', '探矿；勘探', 'Thousands moved to the area to prospect for gold.', '数以千计的人涌入那个地区淘金。'),
(117, 63, 'without a seam', '无（接）缝的', 'a seamless garment', '无缝衣服'),
(118, 63, 'with no spaces or pauses between one part and the next', '（两部份之间）无空隙的，不停顿的', 'a seamless flow of talk', '连贯流畅的谈话'),
(119, 63, 'seamlessly', 'http://www.gstatic.com/dictionary/static/sounds/lf/0/s/se/sea/seamlessly%23_gb_1.mp3', '', ''),
(120, 64, 'subtler', 'subtlest', '', ''),
(121, 64, 'not very noticeable or obvious', '不易察觉的；不明显的；微妙的', 'subtle colours/flavours', '淡淡的色彩╱味道'),
(122, 64, 'of a person or their behaviour', '人或其行为', 'There was nothing subtle or sophisticated about him.', '他一点也不婉转，一点也不圆通。'),
(123, 64, 'organized in a clever way', '巧妙的', 'a subtle strategy/plan/technique', '巧妙的策略╱计划╱技能'),
(124, 64, 'good at noticing and understanding things', '敏锐的；头脑灵活的', 'The job required a subtle mind.', '那项工作需要一个头脑敏锐的人去做。'),
(125, 64, 'subtly', '/ˈsʌtli/', 'Her version of events is subtly different from what actually happened.', '她对事件的描述跟实际发生的情况有些微妙的出入。'),
(126, 66, 'typographic', '/ˌtaɪpəˈɡræfɪk/', '', ''),
(127, 66, 'a typographical error', '排印错误', '', ''),
(128, 66, 'typographic style/design', '印刷版面式样／设计', '', ''),
(129, 68, 'to recognize the difference between two people or things', '区分；辨别；分清', 'At what age are children able to distinguish between right and wrong?', '儿童到什么年龄才能明辨是非？'),
(130, 68, 'to be a characteristic that makes two people, animals or things different', '成为…的特征；使具有…的特色；使有别于', 'What was it that distinguished her from her classmates?', '是什么使得她有别于班上其他同学呢？'),
(131, 68, 'to be able to see or hear something', '看清；认出；听出', 'I could not distinguish her words, but she sounded agitated.', '我听不清她说的话，但听得出她很激动。'),
(132, 68, 'to do something so well that people notice and admire you', '使出众；使著名；使受人青睐', 'She has already distinguished herself as an athlete.', '作为运动员她已享有盛名。'),
(133, 68, 'distinguishable', '/dɪˈstɪŋɡwɪʃəbl/', 'The male bird is easily distinguishable from the female.', '这种鸟很容易辨认雌雄。'),
(134, 69, '/ˈdjuːplɪkeɪt/', 'http://www.gstatic.com/dictionary/static/sounds/lf/0/d/du/dup/duplicate%23_gb_1.mp3', '', ''),
(135, 69, 'to make an exact copy of something', '复制；复印；复写', 'a duplicated form/letter', '复制的表格；复印的信件'),
(136, 69, 'to do something again, especially when it is unnecessary', '（尤指不必要时）重复，再做一次', 'Therex27s no point in duplicating work already done.', '重复别人已经做过的工作毫无意义。'),
(137, 69, 'duplication', '/ˌdjuːplɪˈkeɪʃn/', '', ''),
(138, 70, '/ˈdjuːplɪkət/', 'http://www.gstatic.com/dictionary/static/sounds/lf/0/d/du/dup/duplicate%23_gb_2.mp3', '', ''),
(139, 70, 'exactly like something else; made as a copy of something else', '完全一样的；复制的；副本的', 'a duplicate invoice', '发票副本'),
(140, 71, '/ˈdjuːplɪkət/', 'http://www.gstatic.com/dictionary/static/sounds/lf/0/d/du/dup/duplicate%23_gb_2.mp3', '', ''),
(141, 71, 'one of two or more things that are the same in every detail copy', '完全一样的东西；复制品；副本', 'Is this a duplicate or the original?', '这是副本还是正本？'),
(142, 72, 'words that are printed underneath a picture,cartoon, etc. that explain or describe it', '（图片、漫画等的）说明文字', 'closed-captioned', ''),
(143, 73, 'to write a caption for a picture, photograph, etc.', '给（图片、照片等）加说明文字', '', ''),
(144, 74, 'an irreversible change/decline/decision', '不可逆转的变化；不能挽救的衰落；不可撤回的决定', '', ''),
(145, 74, 'irreversible brain damage', '不能治愈的脑损伤', '', ''),
(146, 77, 'thesauri', '/θɪˈsɔːraɪ/', '', ''),
(147, 79, 'deprecatory', '/ˌdeprəˈkeɪtəri/', '', ''),
(148, 79, 'a deprecating comment', '表示反对的评论', '', ''),
(149, 81, 'They questioned the accuracy of the information in the file.', '他们怀疑档案中信息的正确性。', '', ''),
(150, 81, 'Candidates are judged on technical accuracy as well as artistic expression.', '参赛者的成绩是根据技术精确程度及艺术表现能力来评定的。', '', ''),
(151, 81, 'She hits the ball with great accuracy.', '她击球十分准确。', '', ''),
(152, 82, 'truthfulness', 'http://www.gstatic.com/dictionary/static/sounds/lf/0/t/tr/tru/truthfulness%23_gb_1.mp3', '', ''),
(153, 82, 'Some people questioned the veracity of her story.', '有些人质疑她所讲情况的真实性。', '', ''),
(154, 83, 'Many of your suggestions have been incorporated in the plan.', '你的很多建议已纳入计划中。', '', ''),
(155, 83, 'The new car design incorporates all the latest safety features.', '新的汽车设计包括了所有最新的安全配备。', '', ''),
(156, 83, 'We have incorporated all the latest safety features into the design.', '我们在设计中纳入了所有最新的安全装置。', '', ''),
(157, 84, 'the incorporation of foreign words into the language', '这一语言对外来词汇的吸收', '', ''),
(158, 87, 'the act or process of combining two or more things so that they work together (x3d of integrating th', '结合；整合；一体化', 'The aim is to promote closer economic integration.', '目的是进一步促进经济一体化。'),
(159, 87, 'the act or process of mixing people who have previously been separated, usually because of colour, r', '（不同肤色、种族、宗教信仰等的人的）混合，融合', 'racial integration in schools', '学校招收不同种族的学生'),
(160, 88, 'appendices', '/-dɪsiːz/', '', ''),
(161, 88, 'a small bag of tissue that is attached to the large intestine. In humans, the appendix has no real f', '阑尾', 'He had to have his appendix out(x3d removed).', '他不得不切除了阑尾。'),
(162, 88, 'a section giving extra information at the end of a book or document', '（书、文件的）附录', 'Full details are given in Appendix 3.', '详情见附录 3。'),
(163, 89, 'always behaving in the same way, or having the same opinions, standards, etc.', '一致的；始终如一的', 'Shex27s not very consistent in the way she treats her children.', '她对待孩子反覆无常。'),
(164, 89, 'happening in the same way and continuing for a period of time', '连续的；持续的', 'the partyx27s consistent failure to come up with any new policies', '这个政党长时期的提不出任何新政策'),
(165, 89, 'in agreement with something; not contradicting something', '与…一致的；相符的；符合的；不矛盾的', 'The results are entirely consistent with our earlier research.', '这些结果与我们早些时候的研究完全吻合。'),
(166, 89, 'of an argument or a set of ideas', '论点或一系列的观点', 'a well-thought-out and consistent argument', '经过深思熟虑的、相互连贯的论点'),
(167, 89, '', '', '', ''),
(168, 90, '', '', '', ''),
(169, 90, 'if somebody/something has a particular tendency, they are likely to behave or act in a particular wa', '倾向；偏好；性情', 'to display artistic/musical/criminal tendencies', '显示出对艺术╱音乐的偏好；显示犯罪倾向'),
(170, 90, 'a new custom that is starting to develop', '趋势；趋向', 'trend', ''),
(171, 91, 'a hall in a public building that is used for formal meetings', '会议厅', 'The members left the council chamber.', '议员们离开了会议厅。'),
(172, 91, 'one of the parts of a parliament', '（议会的）议院', 'the Lower/Upper Chamber(x3d in Britain, the House of Commons/House of Lords)', '下╱上议院（英国为 the House of Commons ／ House of Lords）'),
(173, 91, 'a room used for the particular purpose that is mentioned', '（作特定用途的）房间，室', 'a burial chamber', '墓室'),
(174, 91, 'an enclosed space in the body, in a plant or in a machine', '（人体、植物或机器内的）腔，室', 'the chambers of the heart', '心腔'),
(175, 91, 'an enclosed space under the ground', '洞穴', 'They found themselves in a vast underground chamber.', '他们发现他们进入了一个地下大洞穴。'),
(176, 91, 'a bedroom or private room', '卧室；寝室；私人房间', '', ''),
(177, 92, 'a way of doing something, especially the usual or correct way', '（正常）程序，手续，步骤', 'maintenance procedures', '维修程序'),
(178, 92, 'the official or formal order or way of doing something, especially in business, law or politics', '（商业、法律或政治上的）程序', 'court/legal/parliamentary procedure', '法庭／司法／议会程序'),
(179, 92, 'a medical operation', '手术', 'to perform a routine surgical procedure', '做常规的外科手术'),
(180, 92, 'procedural', '/prəˈsiːdʒərəl/', 'procedural matters/rules', '程序性的问题／规则'),
(181, 93, 'two or more lines that are parallel to each other are the same distance apart at every point', '平行的', 'parallel lines', '平行线'),
(182, 93, 'very similar or taking place at the same time', '极相似的；同时发生的；相应的；对应的', 'a parallel career/case/development', '极相似的职业／事例／发展状况'),
(183, 93, 'involving several computer operations at the same time', '并行的', 'parallel processing', '并行处理'),
(184, 94, 'a person, a situation, an event, etc. that is very similar to another, especially one in a different', '（尤指不同地点或时间的）极其相似的人（或情况、事件等）', 'equivalent', ''),
(185, 94, 'similar features', '相似特征；相似特点', 'There are interesting parallels between the 1960s and the late 1990s.', '20 世纪 60 年代和 90 年代后期存在着有趣的相似之处。'),
(186, 94, 'an imaginary line around the earth that is always the same distance from the equator; this line on a', '（地球或地图的）纬线，纬圈', 'the 49th parallel', '第 49 纬度线'),
(187, 95, 'to be similar to something; to happen at the same time as something', '与…相似；与…同时发生', 'Their legal system parallels our own.', '他们的法律制度与我们的相似。'),
(188, 95, 'to be as good as something', '与…媲美；比得上', 'a level of achievement that has never been paralleled', '绝无仅有的最高成就'),
(189, 96, 'a particular part or feature of a situation, an idea, a problem, etc.; a way in which it may be cons', '方面；层面', 'The book aims to cover all aspects of city life.', '这本书旨在涵盖城市生活的各个方面。'),
(190, 96, 'the appearance of a place, a situation or a person', '样子；外观；外表', 'Events began to take on a more sinister aspect.', '事情开始呈现较为不祥的征兆。'),
(191, 96, 'the direction in which a building, window, piece of land, etc. faces; the side of a building which f', '朝向；方位', '', ''),
(192, 96, 'the form of a verb that shows, for example, whether the action happens once or repeatedly, is comple', '（动词的）体（如表示动作等发生一次或多次、已完成或正在进行）', 'perfect', 'progressive'),
(193, 97, 'After months of hard work, our plans finally came to fruition.', '经过几个月的艰苦工作，我们的计划终于完成了。', '', ''),
(194, 97, 'His extravagant ideas were never brought to fruition.', '他不切实际的想法永远没有实现。', '', ''),
(195, 98, '', '', '', ''),
(196, 98, 'any of the physical or mental abilities that a person is born with', '官能；天赋', 'the faculty of sight', '视觉'),
(197, 98, 'a particular ability for doing something', '才能；能力', 'the faculty of understanding complex issues', '理解复杂问题的能力'),
(198, 98, 'a department or group of related departments in a college or university', '（高等院校的）系，院', 'the Faculty of Law', '法学院'),
(199, 98, 'all the teachers in a faculty of a college or university', '（高等院校中院、系的）全体教师', 'the Law School faculty', '法学院全体教师'),
(200, 99, 'a move to a more important job or rank in a company or an organization', '提升；提拔；晋升', 'Her promotion to Sales Manager took everyone by surprise.', '竟然提拔她当销售经理，叫每个人都感到意外。'),
(201, 99, 'a move by a sports team from playing in one group of teams to playing in a better group', '（体育运动队的）晋级，升级', 'the teamx27s promotion to the First Division', '这个球队的晋升为甲级队'),
(202, 99, 'activities done in order to increase the sales of a product or service; a set of advertisements for ', '促销活动；广告宣传', 'Her job is mainly concerned with sales and promotion.', '她的工作主要是营销和广告宣传方面的。'),
(203, 99, 'activity that encourages people to believe in the value or importance of something, or that helps so', '推广；促进', 'a society for the promotion of religious tolerance', '一个促进宗教包容的团体'),
(204, 100, 'a person or thing that is valuable or useful to somebody/something', '有价值的人（或事物）；有用的人（或事物）', 'Ix27m sure shex27ll be an asset to the team.', '我肯定她将是该队的骨干。'),
(205, 100, 'a thing of value, especially property, that a person or company owns, which can be used or sold to p', '资产；财产', 'the net asset value of the company', '公司的资产净值'),
(206, 101, 'a number of people or things that follow each other in time or order; a series', '一连串；一系列；连续', 'a succession of events/problems/visitors', '接二连三的事情；一系列问题；络绎不绝的客人'),
(207, 101, 'the regular pattern of one thing following another thing', '交替；更迭', 'the succession of the seasons', '四季的更迭'),
(208, 101, 'the act of taking over an official position or title; the right to take over an official position or', '继承；继任；（尤指王位的）继承权', 'He became chairman in succession to Bernard Allen.', '他接替伯纳德  艾伦任主席。'),
(209, 102, 'to come out of a dark, enclosed or hidden place', '（从暗处或隐蔽处）出现，浮现，露出', 'The swimmer emerged from the lake.', '游泳者从湖水中浮出来。'),
(210, 102, 'of facts, ideas, etc.', '事实、意见等', 'No new evidence emerged during the investigation.', '调查过程中未发现新证据。'),
(211, 102, 'to start to exist; to appear or become known', '露头；显现；显露', 'After the elections opposition groups began to emerge.', '经过选举，反对派开始露头。'),
(212, 102, 'to survive a difficult situation or experience', '（从困境或苦难经历中）幸存下来，摆脱出来', 'She emerged from the scandal with her reputation intact.', '她在丑闻中安然无恙，名声丝毫未受影响。'),
(213, 102, 'emergence', '/-dʒəns/', 'the islandx27s emergence from the sea 3 000 years ago', '3/f000 年前这座岛屿从大海中露出'),
(214, 103, '', '', '', ''),
(215, 103, 'United Nations observers oversaw the elections.', '联合国观察员监督了选举。', '', ''),
(216, 104, 'connected with something but less important than it', '辅助的；附带的；次要的', 'a subsidiary matter/subject', '次要问题；附带论题'),
(217, 104, 'of a business company', '公司', '', ''),
(218, 105, '', '', '', ''),
(219, 106, 'a large company formed by joining together different firms', '联合大公司；企业集团', 'a media conglomerate', '大众传媒联合体'),
(220, 106, 'a number of things or parts that are put together to form a whole', '合成物；组合物；聚合物', '', ''),
(221, 106, 'a type of rock made of small stones held together by dried clay', '砾岩', '', ''),
(222, 107, 'the fact of giving up something important or valuable to you in order to get or do something that se', '牺牲；舍弃', 'The makers of the product assured us that there had been no sacrifice of quality.', '这一产品的制造商向我们保证说他们没有牺牲质量。'),
(223, 107, 'the act of offering something to a god, especially an animal that has been killed in a special way; ', '祭献；祭祀；祭献的牲畜；祭品', 'They offered sacrifices to the gods.', '他们向众神献上祭品。'),
(224, 108, 'to give up something that is important or valuable to you in order to get or do something that seems', '牺牲；献出', 'She sacrificed everything for her children.', '她为子女牺牲了一切。'),
(225, 108, 'to kill an animal or a person and offer it or them to a god, in order to please the god', '以（人或动物）作祭献', '', ''),
(226, 109, 'a set of clothes that you wear together, especially for a particular occasion or purpose', '全套服装，装束（尤指为某场合或目的）', 'She was wearing an expensive new outfit.', '她穿着一身昂贵的新衣裳。'),
(227, 109, 'a group of people working together as an organization, business, team, etc.', '团队；小组；分队', 'a market research outfit', '市场调查组'),
(228, 109, 'a set of equipment that you need for a particular purpose', '全套装备；成套工具', 'a bicycle repair outfit', '修自行车的整套工具'),
(229, 110, 'to provide somebody/something with equipment or clothes for a special purpose', '装备；配置设备；供给服装', 'The ship was outfitted with a 12-bed hospital.', '这艘船配置了一所有 12 个床位的医院。'),
(230, 111, 'shrank', '/ʃræŋk/', '', ''),
(231, 111, 'to become smaller, especially when washed in water that is too hot; to make clothes, fabric, etc. sm', '（使）缩水，收缩，缩小，皱缩', 'My sweater shrank in the wash.', '我的毛衣缩水了。'),
(232, 111, 'to become or to make something smaller in size or amount', '（使）缩小，收缩，减少', 'The tumour had shrunk to the size of a pea.', '肿瘤已缩小到豌豆大小。'),
(233, 111, 'to move back or away from something because you are frightened or shocked', '退缩；畏缩', 'He shrank back against the wall as he heard them approaching.', '听见他们朝这边来，他退到墙根。'),
(234, 112, 'a psychiatrist or psychologist', '精神病学家；心理学家', '', ''),
(235, 113, 'A few cushions formed a makeshift bed.', '临时用几个垫子拼了一张床。', '', ''),
(236, 114, 'to enter or make somebody enter a place or an organization secretly, especially in order to get info', '（使）悄悄进入，潜入', 'The headquarters had been infiltrated by enemy spies.', '总部混入了敌方特务。'),
(237, 114, 'especially of liquids or gases', '尤指液体或气体', 'Only a small amount of the rainwater actually infiltrates into the soil.', '实际上只有少量雨水渗进了土壤。'),
(238, 114, 'infiltration', '/ˌɪnfɪlˈtreɪʃn/', 'communist infiltration of the army', '军队里的共产主义思想渗透'),
(239, 115, '', '', '', ''),
(240, 115, 'a punishment for breaking a law, rule or contract', '惩罚；处罚；刑罚', 'to impose a penalty', '予以惩罚'),
(241, 115, 'a disadvantage suffered as a result of something', '害处；不利', 'One of the penalties of fame is loss of privacy.', '成名的弊端之一是失掉了隐私。'),
(242, 115, 'in sports and games', '体育运动', 'The referee awarded a penalty to the home team.', '裁判做出有利于主队的判罚。'),
(243, 116, 'very strong thick string made by twisting thinner strings, wires, etc. together', '粗绳；线缆；绳索', 'The rope broke and she fell 50 metres onto the rocks.', '绳索断了，她从 50 米的高空摔到了岩石上。'),
(244, 116, 'the fence made of rope that is around the edge of the area where a boxing or wrestling match takes p', '（拳击或摔跤场四周的）围绳，圈绳', 'the ropes', ''),
(245, 116, 'a number of similar things attached together by a string or thread', '串在一起的相似的东西', 'a rope of pearls/beads', '一串珍珠／珠子'),
(246, 116, '', '', '', ''),
(247, 117, 'to tie one person or thing to another with a rope', '用绳子捆（或绑、系）', 'Thieves had roped the guardx27s feet together.', '窃贼们把门卫的脚捆在了一起。'),
(248, 117, 'to tie something with a rope so that it is held tightly and safely', '用绳子系牢；捆紧', 'I closed and roped the trunk.', '我把箱子盖上用绳子捆结实。'),
(249, 117, 'to catch an animal by throwing a circle of rope around it', '用套索抓捕（动物）；套', '', ''),
(250, 117, 'rope somebody↔in', 'rope somebody into something', 'to persuade somebody to join in an activity or to help to do something, even when they do not want t', '劝说某人加入；说服某人帮忙'),
(251, 119, 'connected with the stars', '星的', 'astral navigation', '星际航行'),
(252, 119, 'connected with the spiritual rather than the physical world of existence', '精神世界的', 'the astral plane', '精神世界层面'),
(253, 120, 'without an end; existing or continuing for ever', '不朽的；永久的；永恒的', 'the promise of eternal life in heaven', '在天国永生的许诺'),
(254, 120, 'happening often and seeming never to stop', '无休止的；永不停止的；没完没了的', 'Ix27m tired of your eternal arguments.', '我烦透了你们那没完没了的争论。'),
(255, 120, 'eternally', '/ɪˈtɜːnəli/', 'Ix27ll be eternally grateful to you for this.', '我将为此永远感激你。'),
(256, 122, 'a small group of musicians, dancers or actors who perform together', '乐团，剧团，舞剧团（全体成员）', 'a brass/wind/string ensemble', '铜管乐器／管乐器／弦乐器合奏组'),
(257, 122, 'a number of things considered as a group', '全体；整体', '', ''),
(258, 122, 'a set of clothes that are worn together', '全套服装', 'A pair of pink shoes completed her striking ensemble.', '一双粉红色的鞋使她这套醒目的服装搭配齐全。'),
(259, 125, 'if two or more facts, figures, etc.correlate or if a fact, figure, etc.correlates with another, the ', '相互关联影响；相互依赖', 'The figures do not seem to correlate.', '这些数字似乎毫不相干。'),
(260, 125, 'to show that there is a close connection between two or more facts, figures, etc.', '显示紧密联系', 'Researchers are trying to correlate the two sets of figures.', '研究人员正试图展示这两组数字的相关性。'),
(261, 125, 'correlate', '/ˈkɒrələt/', '', ''),
(262, 127, 'a verbatim report', '一字不差的报告', '', ''),
(263, 127, 'He reported the speech verbatim.', '他逐字报道了那篇讲话。', '', ''),
(264, 128, 'a painting, drawing or photograph of a person, especially of the head and shoulders', '肖像；半身画像；半身照', 'He had his portrait painted in uniform.', '他让人画了一幅身着制服的画像。'),
(265, 128, 'a detailed description of somebody/something', '详细的描述；描绘', 'a portrait of life at the French court', '对法国宫廷生活的详细描述'),
(266, 129, 'of a page of a document', '文件页面', 'landscape', ''),
(267, 130, 'a type of solid, liquid or gas that has particular qualities', '物质；物品；东西', 'a chemical/radioactive substance', '化学╱放射性物质'),
(268, 130, 'the quality of being based on facts or the truth', '事实基础；根据', 'It was malicious gossip, completely without substance.', '这是恶意造谣，完全没有事实根据。'),
(269, 130, 'the most important or main part of something', '主旨；要点；实质；基本内容', 'Love and guilt form the substance of his new book.', '他的新书主要讲爱情与罪孽。'),
(270, 130, 'importance', '重要性', 'significance', ''),
(271, 132, 'of a part of your body', '身体部位', 'The cold air made her face tingle.', '冷空气冻得她的脸发痛。'),
(272, 132, 'to feel an emotion strongly', '强烈地感到', 'She was still tingling with excitement.', '她仍然兴奋不已。'),
(273, 133, 'a slight stinging or uncomfortable feeling in a part of your body', '刺痛感', '', ''),
(274, 133, 'an exciting or uncomfortable feeling of emotion', '激动感；兴奋感；震颤', 'to feel a tingle of anticipation/excitement/fear', '感到一阵期待／激动／恐惧'),
(275, 134, '', '', '', ''),
(276, 134, 'a punishment for breaking a law, rule or contract', '惩罚；处罚；刑罚', 'to impose a penalty', '予以惩罚'),
(277, 134, 'a disadvantage suffered as a result of something', '害处；不利', 'One of the penalties of fame is loss of privacy.', '成名的弊端之一是失掉了隐私。'),
(278, 134, 'in sports and games', '体育运动', 'The referee awarded a penalty to the home team.', '裁判做出有利于主队的判罚。'),
(279, 135, 'pesky insects', '讨厌的昆虫', '', ''),
(280, 136, 'not as good as somebody/something else', '较差的；次的', 'of inferior quality', '劣质的'),
(281, 136, 'of lower rank; lower', '级别低的；较低的', 'an inferior officer/court', '下级军官／法院'),
(282, 137, 'a person who is not as good as somebody else; a person who is lower in rank or status', '不如别人的人；级别（或地位）低的人', '', ''),
(283, 138, 'to cut or tear something into small pieces', '切碎；撕碎', 'Serve the fish on a bed of shredded lettuce.', '先铺一层碎生菜叶，再把鱼放上，就可以上桌了。'),
(284, 139, 'a small thin piece that has been torn or cut from something', '（撕或切的）细条，碎片', 'shreds of fabric/paper', '碎布条／纸片'),
(285, 139, 'a very small amount of something', '极少量；些许；一丁点', 'There is not a shred of evidence to support his claim.', '没有丝毫证据支持他的说法。'),
(286, 140, 'of a liquid, gas, etc.', '液体、气体等', 'Water had percolated down through the rocks.', '水从岩缝间渗漏下去。'),
(287, 140, 'to gradually become known or spread through a group or society', '逐渐流传；传开', 'It had percolated through to us that something interesting was about to happen.', '我们听到传言说，将要发生一件有趣的事。'),
(288, 140, 'to make coffee in a percolator; to be made in this way', '（用渗滤式咖啡壶）滤煮；滤煮咖啡', '', ''),
(289, 141, 'domestic drudgery', '繁重枯燥的家务活', '', ''),
(290, 142, 'time without end, especially life continuing without end after death', '永恒；永生；不朽', 'There will be rich and poor for all eternity.', '贫富将永远存在。'),
(291, 142, 'a period of time that seems to be very long or to never end', '（似乎）无穷无尽的一段时间', 'After what seemed like an eternity the nurse returned with the results of the test.', '过了漫长的一段时间后护士才拿着检验结果回来。'),
(292, 143, '', '', '', ''),
(293, 143, 'the quality of being new, different and interesting', '新奇；新颖；新鲜', 'It was fun working there at first but the novelty soon wore off(x3d it became boring).', '开始的时候在那里工作很有趣，但这股新鲜劲很快就过去了。'),
(294, 143, 'a thing, person or situation that is interesting because it is new, unusual, or has not been known b', '新奇的事物（或人、环境）', 'Electric-powered cars are still something of a novelty.', '电动汽车仍然是一种新鲜玩意儿。'),
(295, 144, 'different and unusual; intended to be amusing and to catch peoplex27s attention', '新奇的；风格独特的', 'a novelty teapot', '新颖独特的茶壶'),
(296, 146, 'full of energy, excitement and happiness', '精力充沛的；热情洋溢的；兴高采烈的', 'She gave an exuberant performance.', '她的表演热情洋溢。'),
(297, 146, 'of plants, etc.', '植物等', '', ''),
(298, 146, 'exuberance', '/-rəns/', 'We can excuse his behaviour as youthful exuberance.', '年轻人精力旺盛，所以他的行为我们也能原谅。'),
(299, 146, 'exuberantly', 'http://www.gstatic.com/dictionary/static/sounds/lf/0/e/ex/exu/exuberantly%23_gb_1.mp3', '', ''),
(300, 149, '', '', '', ''),
(301, 149, 'a system, especially in a society or an organization, in which people are organized into different l', '等级制度（尤指社会或组织）', 'the social/political hierarchy', '社会╱政治等级制度'),
(302, 149, 'the group of people in control of a large organization or institution', '统治集团', '', ''),
(303, 150, 'Allow sufficient time to get there.', '留出充足的时间好赶过去。', '', ''),
(304, 150, 'These reasons are not sufficient to justify the ban.', '这些理由不足以证明实施禁令有理。', '', ''),
(305, 150, 'Is £100 sufficient for your expenses?', '100 英镑够你花销吗？', '', ''),
(306, 150, 'insufficient', 'self-sufficient', '', ''),
(307, 151, 'The following day she felt sufficiently well to go to work.', '第二天，她感觉好转，完全可以去上班了。', '', ''),
(308, 152, 'the intention, aim or function of something; the thing that something is supposed to achieve', '意图；目的；用途；目标', 'Our campaignx27s main purpose is to raise money.', '我们这次活动的主要目的就是募款。'),
(309, 152, 'what is needed in a particular situation', '情势的需要', 'These gifts count as income for tax purposes.', '这些赠与应属于纳税的收入。'),
(310, 152, 'meaning that is important and valuable to you', '重要意义；有价值的意义', 'Volunteer work gives her life(a sense of) purpose.', '做志愿工作使她的生活有了意义。'),
(311, 152, 'the ability to plan something and work successfully to achieve it', '意志；毅力；决心', 'determination', ''),
(312, 152, '', '', '', ''),
(313, 153, 'to write/send/circulate a memo', '写╱发送╱传阅备忘录', '', ''),
(314, 154, 'the potential pitfalls of buying a house', '购买房屋可能遇到的圈套', '', ''),
(315, 155, 'a person who behaves in an extremely dangerous, wild, or stupid way', '行为极其危险（或狂暴、愚蠢）的人；疯子；狂人', 'He was driving like a maniac.', '他发了疯似地开车。'),
(316, 155, 'a person who has an extremely strong desire or enthusiasm for something, to an extent that other peo', '狂热分子；过激分子', '', ''),
(317, 155, 'a person suffering from mania', '躁狂症患者；疯子', 'a homicidal maniac', '杀人狂'),
(318, 156, 'to cut something into two pieces; to cut something off something', '切开；割断；切下；割下', 'to sever a rope', '割断绳子'),
(319, 156, 'to completely end a relationship or all communication with somebody', '断绝；中断', 'The two countries have severed all diplomatic links.', '两国断绝了一切外交关系。'),
(320, 157, 'the state of being able to use your senses and mental powers to understand what is happening', '清醒状态；知觉', 'I canx27t remember any more─I must have lost consciousness.', '我再也记不起什么了  我当时一定是失去了知觉。'),
(321, 157, 'the state of being aware of something', '觉察；感觉；意识', 'his consciousness of the challenge facing him', '他对所面临的挑战的清醒意识'),
(322, 157, 'the ideas and opinions of a person or group', '观念；看法', 'her newly-developed political consciousness', '她最近形成的政治观念');
INSERT INTO `vws_def` (`id`, `pid`, `m_en`, `m_zh`, `eg_en`, `eg_zh`) VALUES
(323, 158, 'an area in which there is a lot of support for a particular belief or group of people, especially a ', '有广泛支持的地方；势力强大的地方', 'a Republican stronghold/a stronghold of Republicanism', '共和党势力强大的地区'),
(324, 158, 'a castle or a place that is strongly built and difficult to attack', '堡垒；要塞；据点', '', ''),
(325, 158, 'an area where there are a large number of a particular type of animal', '（某种动物的）主要栖息地', 'This valley is one of the last strongholds of the Siberian tiger.', '这条山谷是西伯利亚虎最后的几个主要栖息地之一。'),
(326, 159, 'the heterogeneous population of the United States', '由不同族裔组成的美国人口', '', ''),
(327, 161, 'obsolete technology', '过时技术', '', ''),
(328, 161, 'With technological changes many traditional skills have become obsolete.', '随着技术的革新，许多传统技艺已被淘汰。', '', ''),
(329, 167, 'an act of going somewhere suddenly and/or quickly', '猛冲；突进；急奔', 'When the doors opened, there was a mad dash for seats.', '门一开，人们便疯狂地朝座位奔去。'),
(330, 167, 'an act of doing something quickly because you do not have enough time', '匆忙；匆促；仓促', 'a last-minute dash to buy presents', '最后一点时间仓促购买礼品'),
(331, 167, 'a small amount of something that is added to something else', '少量，少许（添加物）', 'Add a dash of lemon juice.', '加少量柠檬汁。'),
(332, 167, 'the mark(─)used to separate parts of a sentence, often instead of a colon or in pairs instead of bra', '破折号', 'hyphen', ''),
(333, 167, 'a race in which the competitors run very fast over a short distance', '短跑', 'sprint', ''),
(334, 167, 'a way of behaving that combines style, enthusiasm and confidence', '气魄；活力；冲劲；锐气', '', ''),
(335, 168, 'to go somewhere very quickly', '急奔；急驰；猛冲', 'I must dash(x3d leave quickly), Ix27m late.', '我得赶紧走，来不及了。'),
(336, 168, 'to throw something or make something fall violently onto a hard surface; to beat against a surface', '猛掷；猛击；猛撞', 'The boat was dashed repeatedly against the rocks.', '小船一次又一次撞在岩石上。'),
(337, 168, '', '', '', ''),
(338, 169, 'to feel very sad, especially because somebody has died', '（尤指因某人的去世而）悲伤，悲痛，伤心', 'They are still grieving for their dead child.', '他们还在为死去的孩子伤心。'),
(339, 169, 'to make you feel very sad', '使悲伤；使悲痛；使伤心', 'It grieved him that he could do nothing to help her.', '他因无法帮助她而伤心。'),
(340, 170, 'a statement that says something is not true or does not exist', '否认；否定', 'the prisonerx27s repeated denials of the charges against him', '囚犯再三否认对他的指控'),
(341, 170, 'a refusal to allow somebody to have something they have a right to expect', '拒绝给予，剥夺（应有的权利）', 'the denial of basic human rights', '剥夺基本人权'),
(342, 170, 'a refusal to accept that something unpleasant or painful is true', '拒绝接受，拒不承认（令人不快、痛苦的事）', 'The patient is still in denial.', '病人仍然拒不接受事实。'),
(343, 171, 'a thing bought for less than the usual price', '减价品；便宜货', 'I picked up a few good bargains in the sale.', '我在减价期间买了几样挺不错的便宜货。'),
(344, 171, 'an agreement between two or more people or groups, to do something for each other', '协议；交易', 'He and his partner had made a bargain to tell each other everything.', '他和他的合伙人约定，要互通信息，毫无保留。'),
(345, 171, '', '', '', ''),
(346, 172, 'to discuss prices, conditions, etc. with somebody in order to reach an agreement that is satisfactor', '（和某人就某事）讨价还价，商讨条件', 'He said he wasnx27t prepared to bargain.', '他说他不愿讨价还价。'),
(347, 173, 'the act of accepting a gift, an invitation, an offer, etc.', '接受（礼物、邀请、建议等）', 'Please confirm your acceptance of this offer in writing.', '请书面确认你接受这项建议。'),
(348, 173, 'the act of agreeing with something and approving of it', '同意；认可', 'The new laws have gained widespread acceptance.', '新法律获得广泛赞同。'),
(349, 173, 'the process of allowing somebody to join something or be a member of a group', '接纳，接受（为成员、会员等）', 'Your acceptance into the insurance plan is guaranteed.', '你参加保险计划一事已有保证。'),
(350, 173, 'willingness to accept an unpleasant or difficult situation', '无怨接受（逆境、困境等）；逆来顺受', 'acceptance of death/suffering', '接受死亡／苦难'),
(351, 174, 'to remove or reduce an unpleasant feeling or pain', '解除，减轻，缓和（不快或痛苦）', 'to relieve the symptoms of a cold', '减轻感冒的症状'),
(352, 174, 'to make a problem less serious', '减轻（问题的严重性）；缓和；缓解', 'efforts to relieve famine in Africa', '缓解非洲饥荒的努力'),
(353, 174, 'to make something less boring, especially by introducing something different', '调剂；使有趣', 'We played cards to relieve the boredom of the long wait.', '长时间等待实在无聊，我们就打扑克来解闷儿。'),
(354, 174, 'to replace somebody who is on duty', '接替；给…换班', 'to relieve a driver/sentry', '接替一位司机／哨兵'),
(355, 174, 'to free a town, etc. from an enemy army that has surrounded it', '将（城镇从敌人的围困中）解围', '', ''),
(356, 174, 'a polite way of referring to going to the toilet', '（去厕所的一种委婉说法）方便，解手', 'I had to relieve myself behind a bush.', '我只好在树丛后面方便了一下。'),
(357, 175, 'a feeling of great sadness, especially when somebody dies', '（尤指因某人去世引起的）悲伤，悲痛，伤心', 'She was overcome with grief when her husband died.', '丈夫去世时她悲痛欲绝。'),
(358, 175, 'something that causes great sadness', '伤心事；悲痛事', 'It was a grief to them that they had no children.', '没有孩子是他们的一块心病。'),
(359, 175, 'problems and worry', '担心；忧虑', 'He caused his parents a lot of grief.', '他没少让父母操心。'),
(360, 177, 'flabbergasted', 'flabbergasted', '', ''),
(361, 178, 'She despised gossip in any form.', '她对任何形式的流言蜚语都嗤之以鼻。', '', ''),
(362, 178, 'He despised himself for being so cowardly.', '他为自己如此怯懦而自惭形秽。', '', ''),
(363, 179, 'an attempt by some of the people in a country to change their government, using violence', '谋反；叛乱；反叛', 'The north of the country rose in rebellion against the government.', '这个国家的北方地区发生了反对政府的叛乱。'),
(364, 179, 'opposition to authority within an organization, a political party, etc.', '（对权威的）反抗，不服从', '(a) back-bench rebellion', '下院普通议员的反对'),
(365, 179, 'opposition to authority; being unwilling to obey rules or accept normal standards of behaviour, dres', '不顺从；叛逆', 'Teenage rebellion often starts in the home.', '青少年的叛逆行为往往发端于家里。'),
(366, 180, 'She was absent for nine consecutive days.', '她一连缺席了九天。', '', ''),
(367, 180, 'He is beginning his fourth consecutive term of office.', '他开始了第四届任期。', '', ''),
(368, 182, 'procedures that must be followed to ensure full compliance with the law', '为确保严格遵守法律所必须遵行的程序', '', ''),
(369, 182, 'Safety measures were carried out in compliance with paragraph 6 of the building regulations.', '遵照建筑规程的第 6 条实施了安全措施。', '', ''),
(370, 182, 'non-compliance', 'comply', '', ''),
(371, 183, 'an official examination of business and financial records to see that they are true and correct', '审计；稽核', 'an annual audit', '年度审计'),
(372, 183, 'an official examination of the quality or standard of something', '（质量或标准的）审查，检查', '', ''),
(373, 184, 'to officially examine the financial accounts of a company', '审计；稽核', 'We have just had our accounts audited.', '我们的账目刚完成审计。'),
(374, 184, 'to attend a course at college or university but without taking any exams or receiving credit', '旁听（大学课程）', 'She audited classes at the University of California.', '她旁听加利福尼亚大学课程。'),
(375, 185, 'an end to a disagreement and the start of a good relationship again', '调解；和解', 'Their change of policy brought about a reconciliation with Britain.', '他们的政策改变促成了与英国的和解。'),
(376, 185, 'the process of making it possible for two different ideas, facts, etc. to exist together without bei', '协调；和谐一致', 'the reconciliation between environment and development', '环境保护与发展之间的和谐统一'),
(377, 186, 'high in rank or status; higher in rank or status than others', '级别（或地位）高的', 'a senior officer/manager/lecturer', '高级军官╱经理╱讲师'),
(378, 186, 'for adults or people at a more advanced level', '成人的；高级水平的', 'to take part in senior competitions', '参加成人比赛'),
(379, 186, 'used after the name of a man who has the same name as his son, to avoid confusion', '（父子同名时，加在父亲的名字前）老，大', 'Senior', ''),
(380, 186, 'of a school or part of a school', '学校或其中一部份', '', ''),
(381, 186, 'connected with the last year in high school or college', '（高中或大学）毕业年级的', 'the senior prom', '毕业年级舞会'),
(382, 187, 'a person who is older than somebody else', '较…年长的人', 'She was ten years his senior.', '她比他大十岁。'),
(383, 187, '', '', '', ''),
(384, 187, 'a person who is higher in rank or status', '级别（或地位）较高者；上级；上司', 'She felt unappreciated both by her colleagues and her seniors.', '她觉得无论同事还是上司都不赏识她。'),
(385, 187, 'adults or people who have reached an advanced level', '资深成人运动员；高水平运动员', 'tennis coaching for juniors and seniors', '初、高级网球运动员训练'),
(386, 187, 'a child at a senior school; an older child in a school', '中学生；高年级学生', '', ''),
(387, 188, 'having a low rank in an organization or a profession', '地位（或职位、级别）低下的', 'junior employees', '低层雇员'),
(388, 188, 'connected with young people below a particular age, rather than with adults, especially in sports', '青少年的', 'the world junior tennis championships', '世界青少年网球锦标赛'),
(389, 188, '(especially in US) used after the name of a man who has the same name as his father, to avoid confus', '（尤用于美国，置于同名父子中儿子的姓名之后）小', 'the younger', ''),
(390, 188, 'of a school or part of a school', '学校或学校的一部份', '', ''),
(391, 188, 'connected with the year before the last year in a high school or college', '（四年制中学或大学中）三年级生的，三年级的', 'I spent my junior year in France.', '我三年级是在法国念的。'),
(392, 189, 'a person who has a job at a low level within an organization', '职位较低者；低层次工作人员', 'office juniors', '办公室的一般职员'),
(393, 189, 'a young person below a particular age, rather than an adult', '青少年；青少年运动员', 'She has coached many of our leading juniors.', '她训练过我们许多名列前茅的青少年运动员。'),
(394, 189, 'a child who goes to junior school', '小学生', '', ''),
(395, 189, 'a student in the year before the last year at high school or college', '（中学或大学的）三年级学生', 'sophomore', ''),
(396, 189, 'a personx27s young son', '男孩子；年幼的儿子', 'I leave junior with Mom when Ix27m at work.', '我工作时就把儿子留给母亲照看。'),
(397, 189, 'be…years somebodyx27s junior', 'be somebodyx27s junior (by…)', 'to be younger than somebody, by the number of years mentioned', '小某人…岁；比某人小…岁'),
(398, 190, 'high school/college freshmen', '中学／大学一年级新生', '', ''),
(399, 190, 'during my freshman year', '在我一年级期间', '', ''),
(400, 190, '', '', '', ''),
(401, 191, 'a student in the second year of a course of study at a college or university', '（大学）二年级学生', '', ''),
(402, 191, 'a high school student in the 10th grade', '（高中）二年级学生', '', ''),
(403, 191, 'freshman', 'junior', '', ''),
(404, 193, 'strange or unusual, especially in a way that is unpleasant or worrying', '怪异的；奇怪的；不寻常的', 'a peculiar smell/taste', '奇怪的气味／味道'),
(405, 193, 'belonging or relating to one particular place, situation, person, etc., and not to others', '（某人、某地、某种情况等）特有的，特殊的', 'a humour that is peculiar to American sitcoms', '美国情景喜剧特有的幽默'),
(406, 193, 'slightly ill', '不适；不舒服的', '', ''),
(407, 194, 'a house, especially a large or impressive one', '住所；住房；（尤指）宅第，豪宅', 'a desirable family residence for sale(x3d for example, in an advertisement)', '待售的理想家居'),
(408, 194, 'the state of living in a particular place', '居住；定居', 'a hall of residence(x3d for university or college students)', '学生公寓'),
(409, 194, 'permission to live in a country that is not your own', '（在他国的）居住权，居留许可', 'They have been denied residence in this country.', '这个国家不给他们居住资格。'),
(410, 196, '', '', '', ''),
(411, 196, 'a shop/store, or part of one, that sells medicines and drugs', '药房；药店；医药柜台', 'chemist', 'drugstore'),
(412, 196, 'a place in a hospital where medicines are prepared', '（医院的）药房，配药室', 'dispensary', ''),
(413, 198, 'connected with or belonging to a nation, race or tribe that shares a cultural tradition', '民族的；种族的；部落的', 'ethnic groups/communities', '族群；种族社区'),
(414, 198, 'typical of a country or culture that is very different from modern western culture and therefore int', '具有民族特色的；异国风味的', 'ethnic clothes/jewellery/cooking', '具有民族特色的服装／珠宝首饰／烹调'),
(415, 198, 'ethnically', '/-kli/', 'an ethnically divided region', '种族分裂地区'),
(416, 200, 'to show something clearly by giving proof or evidence', '证明；证实；论证；说明', 'These results demonstrate convincingly that our campaign is working.', '这些结果有力地证明，我们的运动正在发挥作用。'),
(417, 200, 'to show by your actions that you have a particular quality, feeling or opinion', '表达；表露；表现；显露', 'display', ''),
(418, 200, 'to show and explain how something works or how to do something', '示范；演示', 'Her job involves demonstrating new educational software.', '她的工作包括演示新的教学软件。'),
(419, 200, 'to take part in a public meeting or march, usually as a protest or to show support for something', '游行示威', 'protest', ''),
(420, 201, 'a rare species of beetle', '一种稀有甲虫', '', ''),
(421, 201, 'There are many species of dog(s).', '狗有许多种。', '', ''),
(422, 201, 'a conservation area for endangered species', '濒危物种保护区', '', ''),
(423, 202, 'to make something known to somebody', '揭示；显示；透露', 'to reveal a secret', '泄露一条秘密'),
(424, 202, 'to show something that previously could not be seen', '显出；露出；展示', 'He laughed, revealing a line of white teeth.', '他笑了起来，露出一排洁白的牙齿。'),
(425, 202, 'revelation', 'revelatory', '', ''),
(426, 203, 'in a way that has a very great effect on somebody/something', '极大地；深刻地', 'a profoundly disturbing programme', '极度扰民的计划'),
(427, 203, 'very seriously; completely', '严重地；完全地；彻底地', 'profoundly deaf', '完全失聪'),
(428, 204, 'a thing that can be dangerous or cause damage', '危险；危害', 'a fire/safety hazard', '火灾╱安全隐患'),
(429, 205, 'to make a suggestion or guess which you know may be wrong', '冒失地提出；冒险猜测', 'Would you like to hazard a guess?', '你想猜猜看吗？'),
(430, 205, 'to risk something or put it in danger', '冒…的风险；使处于危险', 'endanger', ''),
(431, 206, 'a bottomless abyss', '无底深渊', '', ''),
(432, 207, 'a thing or situation which seems to have no limits or seems never to end', '无限度事物；无休止的状况；无底洞', 'There isnx27t a bottomless pit of money for public spending.', '公共开支并非用之不尽的。'),
(433, 208, 'a description of events, especially in a novel story', '（尤指小说中的）描述，叙述', 'a gripping narrative of their journey up the Amazon', '他们沿亚马孙河而上的扣人心弦的描述'),
(434, 208, 'the act, process or skill of telling a story', '讲故事；叙述；叙事技巧', 'a master of narrative', '讲故事的高手'),
(435, 209, 'an act of holding somebody/something tightly; a particular way of doing this', '紧握；紧抓', 'Keep a tight grip on the rope.', '紧紧抓住绳索不放。'),
(436, 209, 'control or power over somebody/something', '（对…的）控制，影响力', 'The home team took a firm grip on the game in the second half.', '主队在下半场牢牢控制了比赛的局面。'),
(437, 209, 'an understanding of something', '理解；了解', 'I couldnx27t get a grip on what was going on.', '我无法理解正在发生的事情。'),
(438, 209, 'the ability of something to move over a surface without slipping', '不打滑；走得稳', 'These tyres give the bus better grip in slippery conditions.', '这些轮胎可使公共汽车在路滑时行驶得平稳一些。'),
(439, 209, 'a part of something that has a special surface so that it can be held without the hands slipping', '把手；手柄；握杆', 'the grip on a golf club', '高尔夫球棒的握杆'),
(440, 209, '', '', '', ''),
(441, 209, 'a person who prepares and moves the cameras, and sometimes the lighting equipment, when a film/movie', '（拍摄电影时）摄影机和照明设备管理人员', '', ''),
(442, 210, 'to hold something tightly', '紧握；紧抓', '‘Please donx27t go,’ he said, gripping her arm.', '“请别走。”他紧紧抓住她的手臂说。'),
(443, 210, 'to interest or excite somebody; to hold somebodyx27s attention', '使感兴趣；使激动；吸引住（某人）的注意', 'The book grips you from start to finish.', '这本书从头至尾扣人心弦。'),
(444, 210, 'of an emotion or a situation', '情绪或形势', 'I was gripped by a feeling of panic.', '我惊恐万状。'),
(445, 210, 'to hold onto or to move over a surface without slipping', '抓牢', 'tyres that grip the road', '在公路上不打滑的车胎'),
(446, 211, '', '', '', ''),
(447, 211, 'the largest part of a group of people or things', '大部份；大多数', 'The majority of people interviewed prefer TV to radio.', '大多数接受采访的人都喜欢看电视而不喜欢听收音机。'),
(448, 211, 'the number of votes by which one political party wins an election; the number of votes by which one ', '（获胜的）票数；多数票', 'She was elected by/with a majority of 749.', '她以 749 票的多数票当选。'),
(449, 211, 'the difference between the number of votes given to the candidate who wins the election and the tota', '超出其余各方票数总和的票数', 'plurality', ''),
(450, 212, 'the way a surface, substance or fabric feels when you touch it, for example, how rough, smooth, hard', '质地；手感', 'the soft texture of velvet', '天鹅绒柔软的质地'),
(451, 212, 'the way food or drink tastes or feels in your mouth, for example, whether it is rough, smooth, light', '口感', 'The two cheeses were very different in both taste and texture.', '这两种奶酪的味道和口感大不相同。'),
(452, 212, 'the way that different parts of a piece of music or literature are combined to create a final impres', '（音乐或文学的）谐和统一感，神韵', 'the rich texture of the symphony', '这首交响曲优美和谐的乐感'),
(453, 213, 'to feel sorry about something you have done or about something that you have not been able to do', '感到遗憾；惋惜；懊悔', 'If you donx27t do it now,youx27ll only regret it.', '你如果现在不做，以后一定会后悔的。'),
(454, 213, 'used to say in a polite or formal way that you are sorry or sad about a situation', '（有礼貌地或正式地表示抱歉、痛惜或悲伤）', 'The airline regrets any inconvenience.', '航空公司对所造成的任何不便表示歉意。'),
(455, 214, 'a feeling of sadness or disappointment that you have because of something that has happened or somet', '痛惜；懊悔；遗憾；失望', 'It is with great regret that I accept your resignation.', '接受你的辞呈，我感到非常遗憾。'),
(456, 215, 'the state of being formed of many parts; the state of being difficult to understand', '复杂性；难懂', 'the increasing complexity of modern telecommunication systems', '日益复杂的现代电信系统'),
(457, 215, 'the features of a problem or situation that are difficult to understand', '难题；难以理解的局势', 'the complexities of the system', '这一系统的复杂之处'),
(458, 216, 'to make a substance pure by taking other substances out of it', '精炼；提纯；去除杂质', 'the process of refining oil/sugar', '炼油的／炼糖的工序'),
(459, 216, 'to improve something by making small changes to it', '改进；改善；使精炼', 'She has refined her playing technique over the years.', '多年来，她已经使自己的表演技巧臻于完善。'),
(460, 218, 'a supply of bullets, etc. to be fired from guns', '弹药', '', ''),
(461, 218, 'information that can be used against another person in an argument', '（辩论中可攻击对方的）信息，事实，炮弹', 'The letter gave her all the ammunition she needed.', '这封信给了她所需的一切有力证据。'),
(462, 219, 'a false idea or belief, especially about somebody or about a situation', '错误的观念；幻想', 'I have no illusions about her feelings for me(x3d I know the truth is that she does not love me).', '我对她跟我的感情不抱什么幻想。'),
(463, 219, 'something that seems to exist but in fact does not, or seems to be something that it is not', '幻想的事物；错觉', 'Mirrors in a room often give an illusion of space.', '房间里的镜子常给人一种空间增大的错觉。'),
(464, 220, 'the Anglo-French consortium that built the Channel Tunnel', '修建英吉利海峡隧道的英法财团', '', ''),
(465, 220, 'consortiums', 'consortia', '', ''),
(466, 222, 'that you can discuss or change before you make an agreement or a decision', '可协商的；可讨论的', 'The terms of employment are negotiable.', '雇用的条件可以协商。'),
(467, 222, 'that you can exchange for money or give to another person in exchange for money', '流通的；可兑现的；可转让的', '', ''),
(468, 224, 'to give somebody something that they can use, or some work or responsibility', '分配（某物）；分派，布置（工作、任务等）', 'The two large classrooms have been assigned to us.', '这两间大教室分配给了我们。'),
(469, 224, 'to provide a person for a particular task or position', '指定；指派', 'Theyx27ve assigned their best man to the job.', '他们指派了最优秀的人担任这项工作。'),
(470, 224, 'to send a person to work under the authority of somebody or in a particular group', '委派；派遣', 'I was assigned to B platoon.', '我被派到 B 排工作。'),
(471, 224, 'to say that something has a particular value or function, or happens at a particular time or place', '确定（价值、功能、时间、地点）', 'Assign a different colour to each different type of information.', '给每类信息分别确定一种颜色。'),
(472, 224, 'to say that your property or rights now belong to somebody else', '转让，让与（财产、权利）', 'The agreement assigns copyright to the publisher.', '协议规定将版权转让给出版商。'),
(473, 225, 'the act of saving or state of being saved from the power of evil; the act of redeeming', '拯救；救赎', 'the redemption of the world from sin', '将世界从罪恶中拯救出来'),
(474, 225, 'the act of exchanging shares for money (x3d of redeeming them)', '赎回（股票等）', '', ''),
(475, 226, 'My brother was snoozing on the sofa.', '我弟弟正在沙发上打盹。', '', ''),
(476, 227, 'I often have a snooze after lunch.', '我常在午饭后睡个小觉。', '', ''),
(477, 228, 'an act intended to make somebody believe something that is not true, especially something unpleasant', '骗局；恶作剧', 'a bomb hoax', '炸弹恐吓'),
(478, 229, 'to trick somebody by making them believe something that is not true, especially something unpleasant', '作弄；欺骗', '', ''),
(479, 229, 'hoaxer', 'http://www.gstatic.com/dictionary/static/sounds/lf/0/h/ho/hoa/hoaxer%23_gb_1.mp3', '', ''),
(480, 230, 'a quick way of writing using special signs or abbreviations, used especially to record what somebody', '速记（法）', 'typing and shorthand', '打字和速记'),
(481, 230, 'a shorter way of saying or referring to something, which may not be as accurate as the more complica', '（对某事）简略的表达方式', '', ''),
(482, 231, 'perishable goods/foods', '易腐烂变质的商品／食物', '', ''),
(483, 232, 'the form and structure of animals and plants, studied as a science', '形态学；形态论', '', ''),
(484, 232, 'the forms of words, studied as a branch of linguistics', '词法；形态学', 'grammar', 'syntax'),
(485, 232, 'morphological', '/ˌmɔːfəˈlɒdʒɪkl/', '', ''),
(486, 233, 'a remarkable achievement/career/talent', '非凡的成就／事业／才能', '', ''),
(487, 233, 'She was a truly remarkable woman.', '她是一位真正非同凡响的女人。', '', ''),
(488, 233, 'The area is remarkable for its scenery.', '这一地区以其优美的景色而引人瞩目。', '', ''),
(489, 233, 'It is remarkable that nobody noticed sooner.', '过去竟然没有人发现，真有意思。', '', ''),
(490, 234, 'The car is in remarkably good condition for its age.', '就年头而论，这辆车的状况好极了。', '', ''),
(491, 234, 'Remarkably, nobody was killed.', '竟然没有死人，真是万幸。', '', ''),
(492, 235, 'a flat shape with five straight sides and five angles', '五边形；五角形', '', ''),
(493, 235, 'the building near Washington DC that is the headquarters of the US Department of Defence and the mil', '五角大楼（指美国国防部）', 'a spokesman for the Pentagon', '美国国防部发言人'),
(494, 236, 'the destruction of the world', '世界毁灭', 'Civilization is on the brink of apocalypse.', '文明已濒临毁灭的边缘。'),
(495, 236, 'the end of the world, as described in the Bible', '（《圣经》所述的）末世', 'the Apocalypse', ''),
(496, 236, 'a situation causing very serious damage and destruction', '大动乱；大灾变', 'an environmental apocalypse', '环境大灾变'),
(497, 237, 'a conservative/old-fashioned mindset', '保守的╱老式的思维模式', '', ''),
(498, 237, 'the mindset of the computer generation', '计算机时代的思维倾向', '', ''),
(499, 238, 'acrobatic feats', '杂技表演', '', ''),
(500, 238, 'an acrobatic dancer', '特技舞蹈演员', '', ''),
(501, 239, 'embodies', 'embodying', '', ''),
(502, 239, 'to express or represent an idea or a quality', '具体表现，体现，代表（思想或品质）', 'a politician who embodied the hopes of black youth', '代表黑人青年希望的政治家'),
(503, 239, 'to include or contain something', '包括；包含；收录', 'This model embodies many new features.', '这种型号具有许多新特点。'),
(504, 240, 'the quality of doing something well with no waste of time or money', '效率；效能；功效', 'improvements in efficiency at the factory', '工厂效率的提高'),
(505, 240, 'ways of wasting less time and money or of saving time or money', '提高功效的方法', 'We are looking at our business to see where savings and efficiencies can be made.', '我们正在研究我们的经营情况，看是否有可以节约和提高功效的地方。'),
(506, 240, 'the relationship between the amount of energy that goes into a machine or an engine, and the amount ', '效率；功率', '', ''),
(507, 242, 'the practice of training people to obey rules and orders and punishing them if they do not; the cont', '训练；训导；纪律；风纪', 'The school has a reputation for high standards of discipline.', '这所学校因纪律严格而名闻遐迩。'),
(508, 242, 'a method of training your mind or body or of controlling your behaviour; an area of activity where t', '训练方法；行为准则；符合准则的行为', 'Yoga is a good discipline for learning to relax.', '瑜伽是一种学习放松的有效方法。'),
(509, 242, 'the ability to control your behaviour or the way you live, work, etc.', '自制力；遵守纪律', 'Hex27ll never get anywhere working for himself─hex27s got no discipline.', '他为自己工作是不会有什么成就的  他毫无自制力。'),
(510, 242, 'an area of knowledge; a subject that people study or are taught, especially in a university', '知识领域；（尤指大学的）学科，科目', '', ''),
(511, 243, 'to punish somebody for something they have done', '惩罚；处罚', 'The officers were disciplined for using racist language.', '这些军官因使用种族歧视性语言而受到惩罚。'),
(512, 243, 'to train somebody, especially a child, to obey particular rules and control the way they behave', '训练；训导；管教', 'a guide to the best ways of disciplining your child', '管教子女最佳方法指南'),
(513, 243, 'to control the way you behave and make yourself do things that you believe you should do', '自我控制；严格要求（自己）', 'He disciplined himself to exercise at least three times a week.', '他规定自己每周至少锻炼三次。'),
(514, 243, 'disciplined', 'http://www.gstatic.com/dictionary/static/sounds/lf/0/d/di/dis/disciplined%23_gb_1.mp3', 'a disciplined army/team', '纪律严明的军队／团队'),
(515, 244, 'to give special importance to something', '强调；重视；着重', 'His speech emphasized the importance of attracting industry to the town.', '他的发言强调了吸引工业到城镇的重要性。'),
(516, 244, 'to make something more noticeable', '使突出；使明显', 'She swept her hair back from her face to emphasize her high cheekbones.', '她把头发朝脸后拢时，高高的颧骨显得更为突出。'),
(517, 244, 'to give extra force to a word or phrase when you are speaking, especially to show that it is importa', '重读，强调（词或短语）；加强…的语气', 'stress', ''),
(518, 246, 'concerned with beauty and art and the understanding of beautiful things', '审美的；有审美观点的；美学的', 'an aesthetic appreciation of the landscape', '用审美的眼光欣赏风景'),
(519, 246, 'made in an artistic way and beautiful to look at', '美的；艺术的', 'Their furniture was more aesthetic than functional.', '他们的家具美观多于实用。'),
(520, 246, 'aesthetically', '/-kli/', 'es-', ''),
(521, 247, 'the aesthetic qualities and ideas of something', '美感；审美观', 'The students debated the aesthetic of the poems.', '学生就这些诗的美展开了辩论。'),
(522, 247, 'the branch of philosophy that studies the principles of beauty, especially in art', '美学', 'aesthetics', ''),
(523, 247, 'aestheticism', '/iːsˈθetɪsɪzəm/', 'es-', ''),
(524, 249, 'the cup or bowl believed to have been used by Jesus Christ before he died, that became a holy thing ', '圣杯（据信为耶稣离世前所用）', '', ''),
(525, 249, 'a thing that you try very hard to find or achieve, but never will', '渴望但永远得不到的东西；努力追求但永远不可能实现的目标（或理想）', '', ''),
(526, 250, 'a feeling that makes you want to do something', '倾向；意愿', 'He did not show the slightest inclination to leave.', '他丝毫没有表现出要离开的意思。'),
(527, 250, 'a tendency to do something', '趋向；趋势', 'There is an inclination to treat geography as a less important subject.', '有一种趋向认为地理是一门次要的学科。'),
(528, 250, 'a degree of sloping', '倾斜度', 'an inclination of 45˚', '45˚ 的倾斜度'),
(529, 250, 'a small downward movement, usually of the head', '向下的轻微动作；（通常指）点头', '', ''),
(530, 251, 'The evidence against him was overwhelming.', '对他不利的证据无法抵赖。', '', ''),
(531, 251, 'The overwhelming majority of those present were in favour of the plan.', '绝大多数与会者都赞同这个计划。', '', ''),
(532, 251, 'an overwhelming sense of loss/relief', '极端失落的／如释重负的感觉', '', ''),
(533, 251, 'She had the almost overwhelming desire to tell him the truth.', '她恨不得要告诉他实情。', '', ''),
(534, 251, 'You may find it somewhat overwhelming at first.', '起初你可能觉得它有些无法抗拒。', '', ''),
(535, 252, 'They voted overwhelmingly against the proposal.', '他们以压倒多数票反对这项提案。', '', ''),
(536, 254, 'a demilitarized zone', '非军事区', '', ''),
(537, 256, 'the wine that was produced in a particular year or place; the year in which it was produced', '特定年份（或地方）酿制的酒；酿造年份', '', ''),
(538, 256, 'the period or season of gathering grapes for making wine', '采摘葡萄酿酒的期间（或季节）；葡萄收获期（或季节）', 'The vintage was later than usual.', '这次葡萄的收获季节比往常晚。'),
(539, 257, 'vintage wine is of very good quality and has been stored for several years', '（指葡萄酒）优质的，上等的，佳酿的', '', ''),
(540, 257, 'of a vehicle', '车辆', 'veteran car', ''),
(541, 257, 'typical of a period in the past and of high quality; the best work of the particular person', '（过去某个时期）典型的，优质的；（某人的）最佳作品的', 'a collection of vintage designs', '优秀设计选编'),
(542, 257, 'a particularly good and successful year', '成绩卓著的一年；成功的一年', '1999 was not a vintage year for the movies.', '1999 年对电影业来说不是全盛之年。'),
(543, 258, 'The unit has become part of a larger department and no longer exists as a separate entity.', '这个单位已附属于一个大的部门，不再作为一个实体独立存在。', '', ''),
(544, 258, 'These countries can no longer be viewed as a single entity.', '这些国家不可能再被看成是一个单独的实体。', '', ''),
(545, 259, 'a collection of items, especially pieces of music or writing, taken from different places and put to', '收集；选编；选辑', 'Her latest CD is a compilation of all her best singles.', '她最新的激光唱片收录了她的所有最佳单曲。'),
(546, 259, 'the process of compiling something', '编纂；编著；编写', 'the compilation of a dictionary', '词典的编纂'),
(547, 260, 'the act of saving or state of being saved from the power of evil; the act of redeeming', '拯救；救赎', 'the redemption of the world from sin', '将世界从罪恶中拯救出来'),
(548, 260, 'the act of exchanging shares for money (x3d of redeeming them)', '赎回（股票等）', '', ''),
(549, 261, 'the limited number or amount of people or things that is officially allowed', '定额；限额；配额', 'to introduce a strict import quota on grain', '严格限制谷物进口量'),
(550, 261, 'an amount of something that somebody expects or needs to have or achieve', '定量；定额；指标', 'Ix27m going home now─Ix27ve done my quota of work for the day.', '我现在要回家了  我已完成了今天的工作指标。'),
(551, 261, 'a fixed number of votes that a candidate needs in order to be elected', '（候选人当选所需的）规定票数，最低票数', 'He was 76 votes short of the quota.', '他比规定当选票数少了 76 票。'),
(552, 262, 'The governmentx27s proposals unleashed a storm of protest in the press.', '政府的提案引发了新闻界的抗议浪潮。', '', ''),
(553, 263, 'a person who is new and has little experience in a skill, job or situation', '新手；初学者', 'Ix27m a complete novice at skiing.', '滑雪我完全是个新手。'),
(554, 263, 'a person who has joined a religious group and is preparing to become a monk or a nun', '初学修士（或修女）；（修会等的）初学生', '', ''),
(555, 263, 'a horse that has not yet won an important race', '尚未赢过大赛的赛马', '', ''),
(556, 264, '', '', '', ''),
(557, 264, 'a shop/store that sells food and other things used in the home. In American English ‘grocery store’ ', '食品杂货店（在美国英语中 grocery store 常用以指 supermarket）', 'grocery store', ''),
(558, 265, 'reusable plastic bottles', '可重复使用的塑料瓶', '', ''),
(559, 266, 'buildings, services, equipment, etc. that are provided for a particular purpose', '设施；设备', 'sports/leisure facilities', '体育／消闲设施'),
(560, 266, 'a special feature of a machine, service, etc. that makes it possible to do something extra', '（机器等的）特别装置；（服务等的）特色', 'a bank account with an overdraft facility', '提供透支服务的银行账户'),
(561, 266, 'a place, usually including buildings, used for a particular purpose or activity', '（供特定用途的）场所', 'the worldx27s largest nuclear waste facility', '世界最大的核废料处理场所'),
(562, 266, 'a natural ability to learn or do something easily', '（学习、做事的）天资，才能，天赋', 'She has a great facility for languages.', '她学语言的天资很高。'),
(563, 267, 'to discover the facts about something; to calculate something exactly', '查明；测定；准确算出', 'An inquiry was set up to determine the cause of the accident.', '已展开调查以确定事故原因。'),
(564, 267, 'to make something happen in a particular way or be of a particular type', '决定；形成；支配；影响', 'Age and experience will be determining factors in our choice of candidate.', '年龄和经验是我们选择候选人的决定因素。'),
(565, 267, 'to officially decide and/or arrange something', '确定；裁决；安排', 'A date for the meeting has yet to be determined.', '会议日期尚待确定。'),
(566, 267, 'to decide definitely to do something', '决定，决心（做某事）', 'They determined to start early.', '他们决定早点出发。'),
(567, 268, 'dishonest or illegal behaviour, especially of people in authority', '腐败；贪污；贿赂；受贿', 'allegations of bribery and corruption', '对贿赂与贪污的指控'),
(568, 268, 'the act or effect of making somebody change from moral to immoral standards of behaviour', '使堕落；腐蚀', '', ''),
(569, 268, 'the form of a word or phrase that has become changed from its original form in some way', '（单词或短语的）变体', 'The word ‘holiday’ is a corruption of ‘holy day’.', '单词 holiday 是 holy day 的变体。'),
(570, 269, 'a ball of finely chopped meat mixed with bread, baked or fried and eaten hot', '烤肉丸；炸肉丸', '', ''),
(571, 269, 'an offensive word for a homosexual man', '（蔑称）男同性恋者', 'fag', ''),
(572, 269, 'a bunch of sticks tied together, used for burning on a fire', '柴把；柴捆', '', ''),
(573, 270, 'to die because you have been underwater too long and you cannot breathe; to kill somebody in this wa', '（使）淹死，溺死', 'Two children drowned after falling into the river.', '两个孩子掉进河里淹死了。'),
(574, 270, 'to make something very wet; to completely cover something in water or another liquid', '浸透；淹没；浸泡', 'The fruit was drowned in cream.', '水果在奶油里泡过。'),
(575, 270, 'of a sound', '声音', 'She turned up the radio to drown out the noise from next door.', '她开大了收音机的音量以压过隔壁房间的吵闹声。'),
(576, 270, 'drowning', 'http://www.gstatic.com/dictionary/static/sounds/lf/0/d/dr/dro/drowning%23_gb_1.mp3', 'death by drowning', '溺水身亡'),
(577, 271, 'showing strong interest and attention', '热切的；专注的', 'an intent gaze/look', '专注的目光╱神情'),
(578, 271, 'determined to do something, especially something that will harm other people', '决心做（尤指伤害他人的事）', 'They were intent on murder.', '他们存心谋杀。'),
(579, 271, 'giving all your attention to something', '专心；专注', 'I was so intent on my work that I didnx27t notice the time.', '我专心工作，以致忘了时间。'),
(580, 271, 'intently', 'http://www.gstatic.com/dictionary/static/sounds/lf/0/i/in/int/intently%23_gb_1.mp3', 'She looked at him intently.', '她目不转睛地看着他。'),
(581, 272, 'what you intend to do intention', '意图；意向；目的', 'She denies possessing the drug with intent to supply.', '她否认拥有毒品是为了提供给别人。'),
(582, 273, '(in Scandinavian stories) a creature that looks like an ugly person. Some trolls are very large and ', '（斯堪的纳维亚传说中的）山精，巨怪，友善顽皮的侏儒', '', ''),
(583, 274, 'to catch fish by pulling a line with bait on it through the water behind a boat', '曳绳钓（鱼）；拖钓', 'to troll for votes', '拉选票'),
(584, 275, 'to behave in a particular way, in order to make other people believe something that is not true', '假装；佯装', 'Ix27m tired of having to pretend all the time.', '我讨厌老得装假。'),
(585, 275, 'especially of children', '尤指儿童', 'Letx27s pretend (that) wex27re astronauts.', '咱们装扮成太空人吧。'),
(586, 275, 'to claim to be, do or have something, especially when this is not true', '自诩；自称；自认为', 'I canx27t pretend to any great musical talent.', '我不能妄称自己多有音乐天赋。'),
(587, 276, 'not real, imaginary', '假装的；想像的', 'pretend cakes/toys', '假糕点／玩具'),
(588, 277, 'slicker', 'slickest', '', ''),
(589, 277, 'done or made in a way that is clever and efficient but often does not seem to be sincere or lacks im', '华而不实的；虚有其表的；偷巧的', 'a slick advertising campaign', '华而不实的广告攻势'),
(590, 277, 'speaking very easily and smoothly but in a way that does not seem sincere', '花言巧语的；能说会道的；油滑的', 'glib', ''),
(591, 277, 'done quickly and smoothly', '娴熟的；灵巧的；流畅的', 'The crowd enjoyed the teamx27s slick passing.', '观众欣赏了这支球队娴熟的传接配合。'),
(592, 277, 'smooth and difficult to hold or move on', '滑；滑溜溜的', 'The roads were slick with rain.', '下雨路滑。'),
(593, 277, 'slickly', 'http://www.gstatic.com/dictionary/static/sounds/lf/0/s/sl/sli/slickly%23_gb_1.mp3', 'The magazine is slickly produced.', '这份杂志办得华而不实。'),
(594, 277, 'slickness', 'http://www.gstatic.com/dictionary/static/sounds/lf/0/s/sl/sli/slickness%23_gb_1.mp3', '', ''),
(595, 278, 'an area of oil that is floating on the surface of the sea', '（海上）浮油，浮油膜', 'oil slick', ''),
(596, 278, 'a small area of something wet and shiny', '一小片湿而亮的地方', 'a slick of sweat', '涔涔的汗水'),
(597, 279, 'to make hair very flat and smooth by putting oil, water, etc. on it', '使（头发）平整光溜', 'His hair was slicked back/down with gel.', '他的头发用了发胶，朝后╱朝下梳得平平整整的。'),
(598, 280, 'economic/social/transport infrastructure', '经济╱社会╱运输基础结构', '', ''),
(599, 281, 'infrastructural development', '基础建设的发展', '', ''),
(600, 282, 'skilful and accurate', '有技巧的；精确的', 'Therex27s some nifty guitar work on his latest CD.', '他最新的激光唱片里有一些吉他曲弹得非常精彩。'),
(601, 282, 'practical; working well', '实用的；灵便的', 'a nifty little gadget for slicing cucumbers', '片黄瓜的小巧工具'),
(602, 283, 'We want the machine manufactured to our own spec.', '我们要求这台机器按我们自己的规格来制造。', '', ''),
(603, 283, 'specification', 'specs', '', ''),
(604, 284, 'when you do something on spec, you are trying to achieve something without organizing it in advance,', '碰运气', 'I went to the concert on spec─I hadnx27t reserved a seat.', '我去听音乐会是想碰碰运气  我没有预订座位。'),
(605, 285, 'medical/legal/computer jargon', '医学／法律／计算机术语', '', ''),
(606, 286, 'that can develop into something or be developed in the future', '潜在的；可能的', 'possible', ''),
(607, 286, 'potentially', '/-ʃəli/', 'a potentially dangerous situation', '有潜在危险的局势'),
(608, 287, 'the possibility of something happening or being developed or used', '可能性；潜在性', 'the potential for change', '变革的可能性'),
(609, 287, 'qualities that exist and can be developed', '潜力；潜质', 'All children should be encouraged to realize their full potential.', '应当鼓励所有的儿童充分发挥他们的潜能。'),
(610, 287, 'the difference in voltage between two points in an electric field or circuit', '电位；电势；电压', '', ''),
(611, 289, 'a type of solid, liquid or gas that has particular qualities', '物质；物品；东西', 'a chemical/radioactive substance', '化学╱放射性物质'),
(612, 289, 'the quality of being based on facts or the truth', '事实基础；根据', 'It was malicious gossip, completely without substance.', '这是恶意造谣，完全没有事实根据。'),
(613, 289, 'the most important or main part of something', '主旨；要点；实质；基本内容', 'Love and guilt form the substance of his new book.', '他的新书主要讲爱情与罪孽。'),
(614, 289, 'importance', '重要性', 'significance', ''),
(615, 290, 'of goods', '商品', 'a proprietary medicine', '专卖药品'),
(616, 290, 'relating to an owner or to the fact of owning something', '所有的；所有权的', 'The company has a proprietary right to the property.', '公司拥有这笔财产的所有权。'),
(617, 292, 'if the ghost of a dead person haunts a place, people say that they have seen it there', '（鬼魂）出没', 'A headless rider haunts the country lanes.', '一个无头骑士常出没于乡间的小路上。'),
(618, 292, 'if something unpleasant haunts you, it keeps coming to your mind so that you cannot forget it', '（不快的事情）萦绕于脑际，难以忘却', 'The memory of that day still haunts me.', '我的脑海中常常回想起那天的情景。'),
(619, 292, 'to continue to cause problems for somebody for a long time', '长期不断地缠扰（某人）', 'That decision came back to haunt him in later life.', '那次决定使他后半生想起来一直觉得不安。'),
(620, 293, 'a place that somebody visits often or where they spend a lot of time', '常去的场所；消磨时光的去处', 'Is this one of your usual haunts?', '这是你常去的地方之一吗？'),
(621, 294, 'the 9th sign of the zodiac, the Archer', '黄道第九宫；人马宫；人马（星）座', '', ''),
(622, 294, 'a person born under the influence of this sign, that is between 22 November and 20 December, approxi', '属人马座的人（约出生于 11 月 22 日至 12 月 20 日）', '', ''),
(623, 294, 'Sagittarian', 'http://www.gstatic.com/dictionary/static/sounds/lf/0/s/sa/sag/sagittarian%231_gb_1.mp3', '', ''),
(624, 295, 'the form of the outer edges or surfaces of something; an example of something that has a particular ', '形状；外形；样子；呈…形状的事物', 'a rectangular shape', '长方形'),
(625, 295, 'a person or thing that is difficult to see clearly', '模糊的影子', 'figure', ''),
(626, 295, 'the physical condition of somebody/something', '状况；情况', 'What sort of shape was the car in after the accident?', '这车出过事故以后状况如何？'),
(627, 295, 'the particular qualities or characteristics of something', '性质；特点', 'Will new technology change the shape of broadcasting?', '新技术会改变广播的方式吗？'),
(628, 296, 'to make something into a particular shape', '使成为…形状（或样子）；塑造', 'Shape the dough into a ball.', '把和好的面揉成一团。'),
(629, 296, 'to have an important influence on the way that somebody/something develops', '决定…的形成；影响…的发展', 'His ideas had been shaped by his experiences during the war.', '他的思想深受战时经历的影响。'),
(630, 296, 'to prepare to do something, especially hit or kick something', '准备（做某动作）；摆好姿势', 'She was shaping to hit her second shot.', '她正准备再一次击球。'),
(631, 298, 'a part of something that is separate from the other parts or can be considered separately', '部份；份；片；段', '', ''),
(632, 298, 'a part of something that is separate from the other parts or can be considered separately', '部份；份；片；段', 'She cleaned a small segment of the painting.', '她擦干净了这幅画的一小部份。'),
(633, 298, 'one of the sections of an orange, a lemon, etc.', '（柑橘、柠檬等的）瓣', '', ''),
(634, 298, 'a part of a circle separated from the rest by a single line', '弓形；圆缺', 'circle', ''),
(635, 299, '/seɡˈment/', 'http://www.gstatic.com/dictionary/static/sounds/lf/0/s/se/seg/segment%23_gb_2.mp3', '', '');
INSERT INTO `vws_def` (`id`, `pid`, `m_en`, `m_zh`, `eg_en`, `eg_zh`) VALUES
(636, 299, 'to divide something into different parts', '分割；划分', 'Market researchers often segment the population on the basis of age and social class.', '市场研究人员常常按年龄和社会阶层划分人口。'),
(637, 300, 'the inside part of something', '内部；里面', 'the interior of a building/a car', '楼房╱汽车的内部'),
(638, 300, 'the central part of a country or continent that is a long way from the coast', '内陆；内地；腹地', 'an expedition into the interior of Australia', '深入澳大利亚腹地的探险'),
(639, 300, 'a countryx27s own affairs rather than those that involve other countries', '（国家的）内政，内务', 'the Department/Minister of the Interior', '内政部╱大臣'),
(640, 301, 'connected with the inside part of something', '内部的；里面的', 'interior walls/doors', '屋内的墙壁╱门'),
(641, 302, 'of behaviour, ideas, etc.', '行为、思想等', 'a rational argument/choice/decision', '合理的论点／选择／决定'),
(642, 302, 'of a person', '人', 'No rational person would ever behave like that.', '有头脑的人，谁也不会这样做。'),
(643, 302, '', '', '', ''),
(644, 302, 'rationality', '/ˌræʃəˈnæləti/', 'the rationality of his argument', '他的论点的合理性'),
(645, 303, 'similar in every detail', '完全同样的；相同的', 'a row of identical houses', '完全一样的一排房子'),
(646, 303, 'the same', '同一的', 'This is the identical room we stayed in last year.', '这就是我们去年住的那个房间。'),
(647, 303, 'identically', '/-kli/', 'The children were dressed identically.', '孩子们的穿着完全一样。'),
(648, 304, 'to fit the parts of something together again after it has been taken apart', '重新装配（或组装）', 'We had to take the table apart and reassemble it upstairs.', '我们只好先把桌子拆开，到楼上再组装起来。'),
(649, 304, 'to meet together again as a group after a break', '重新集结；再次集合', 'The class reassembled after lunch.', '午饭后，全班同学又集合起来。'),
(650, 305, 'having a definite limit or fixed size', '有限的；有限制的', 'a finite number of possibilities', '为数有限的可能'),
(651, 305, 'a finite verb form or clause shows a particular tense,person and number', '限定的', '‘Am’, ‘is’, ‘are’, ‘was’ and ‘were’ are the finite forms of ‘be’; ‘being’, and ‘been’ are the non-fi', 'am、is、are、was 和 were 是 be 的限定形式； being 和 been 是非限定形式。'),
(652, 306, 'to carefully examine the facts of a situation, an event, a crime, etc. to find out the truth about i', '调查，侦查（某事）', 'The FBI has been called in to investigate.', '联邦调查局奉命进行调查。'),
(653, 306, 'to try to find out information about somebodyx27s character, activities, etc.', '调查（某人）', 'This is not the first time he has been investigated by the police for fraud.', '这不是警方第一次调查他是否有欺诈行为。'),
(654, 306, 'to find out information and facts about a subject or problem by study or research', '研究；调查', 'Scientists are investigating the effects of diet on fighting cancer.', '科学家正在研究饮食的抗癌作用。'),
(655, 308, 'to reiterate an argument/a demand/an offer', '重申论点；重复一项要求／建议', '', ''),
(656, 308, 'Let me reiterate that we are fully committed to this policy.', '我再说一遍，我们完全拥护这项政策。', '', ''),
(657, 309, 'a reiteration of her previous statement', '重申她说过的话', '', ''),
(658, 310, 'permission to do something, especially given by somebody in authority', '同意；准许；允许', 'Children under 16 cannot give consent to medical treatment.', '16 岁以下的儿童不得自行同意接受治疗。'),
(659, 310, 'agreement about something', '同意；赞同', 'She was chosen as leader by common consent(x3d everyone agreed to the choice).', '大家一致同意选她为领导人。'),
(660, 310, 'an official document giving permission for something', '正式批准文件；批文', '', ''),
(661, 311, 'to agree to something or give your permission for something', '同意；准许；允许', 'When she told them what she intended they readily consented.', '她告诉他们她的打算时，他们欣然同意。'),
(662, 312, 'adjustable seat belts', '可调节的安全带', '', ''),
(663, 312, 'The height of the bicycle seat is adjustable.', '这辆自行车鞍座的高度可以调整。', '', ''),
(664, 313, 'a sum of money that is given as the first part of a larger payment', '订金；订钱', 'Wex27ve put down a 5% deposit on the house.', '我们已支付了房款的 5% 作为订金。'),
(665, 313, 'a sum of money that is paid by somebody when they rent something and that is returned to them if the', '押金', 'to pay a deposit', '付押金'),
(666, 313, 'a sum of money that is paid into a bank account', '存款', 'Deposits can be made at any branch.', '在任何一家分行都可以存钱。'),
(667, 313, '(in Britain) the amount of money that a candidate in an election to Parliament has to pay, and that ', '竞选保证金（英国议员候选人必须预付，获得规定的票数则退还）', 'All the other candidates lost their deposits.', '所有其余候选人都失掉了竞选保证金。'),
(668, 313, 'a layer of a substance that has formed naturally underground', '（地下自然形成的）沉积物，沉积层', 'mineral/gold/coal deposits', '矿床；金矿；煤藏'),
(669, 313, 'a layer of a substance that has been left somewhere, especially by a river, flood, etc., or is found', '（尤指河流、洪水、液体等的）沉积物，淤积物', 'The rain left a deposit of mud on the windows.', '雨水在窗上留下一层泥。'),
(670, 314, 'to put or lay somebody/something down in a particular place', '放下；放置', 'She deposited a pile of books on my desk.', '她把一摞书放在我的书桌上。'),
(671, 314, 'especially of a river or a liquid', '尤指河流或液体', 'Sand was deposited which hardened into sandstone.', '沙经沉积固结形成沙岩。'),
(672, 314, 'to put money into a bank account', '将（钱）存入银行；存储', 'Millions were deposited in Swiss bank accounts.', '巨额款项存入了瑞士的银行账户。'),
(673, 314, 'to pay a sum of money as the first part of a larger payment; to pay a sum of money that you will get', '付订金；付保证金；付押金', '', ''),
(674, 314, 'to put something valuable or important in a place where it will be safe', '寄放，寄存（贵重物品）', 'Guests may deposit their valuables in the hotel safe.', '旅客可将贵重物品寄存在旅馆的保险柜里。');

-- --------------------------------------------------------

--
-- 表的结构 `vws_login`
--

CREATE TABLE IF NOT EXISTS `vws_login` (
  `id` mediumint(8) unsigned NOT NULL AUTO_INCREMENT,
  `username` char(15) NOT NULL DEFAULT '',
  `password` char(32) NOT NULL DEFAULT '',
  PRIMARY KEY (`id`),
  UNIQUE KEY `username` (`username`)
) ENGINE=MyISAM DEFAULT CHARSET=utf8 AUTO_INCREMENT=1 ;

--
-- 转存表中的数据 `vws_login`
--


-- --------------------------------------------------------

--
-- 表的结构 `vws_pos`
--

CREATE TABLE IF NOT EXISTS `vws_pos` (
  `id` mediumint(8) NOT NULL AUTO_INCREMENT,
  `wid` mediumint(8) unsigned NOT NULL,
  `type` varchar(20) NOT NULL,
  PRIMARY KEY (`id`),
  KEY `wid` (`wid`)
) ENGINE=InnoDB  DEFAULT CHARSET=utf8 AUTO_INCREMENT=315 ;

--
-- 转存表中的数据 `vws_pos`
--

INSERT INTO `vws_pos` (`id`, `wid`, `type`) VALUES
(1, 1, 'noun'),
(2, 2, 'noun'),
(3, 3, 'noun'),
(4, 3, 'verb'),
(5, 4, 'adjective'),
(6, 4, 'noun'),
(7, 5, 'verb'),
(8, 5, 'verb'),
(9, 6, 'noun'),
(10, 7, 'noun'),
(11, 8, 'noun'),
(12, 9, 'noun'),
(13, 9, 'adjective'),
(14, 10, 'noun'),
(15, 11, 'noun'),
(16, 12, 'noun'),
(17, 13, 'noun'),
(18, 14, 'noun'),
(19, 14, 'verb'),
(20, 14, 'exclamation'),
(21, 15, 'noun'),
(22, 16, ''),
(23, 16, 'noun'),
(24, 17, 'noun'),
(25, 18, 'verb'),
(26, 18, 'noun'),
(27, 19, 'verb'),
(28, 19, 'adjective'),
(29, 20, 'adjective'),
(30, 21, 'noun'),
(31, 21, 'verb'),
(32, 22, ''),
(33, 22, 'noun'),
(34, 23, 'noun'),
(35, 24, 'verb'),
(36, 24, 'noun'),
(37, 25, 'verb'),
(38, 25, 'noun'),
(39, 26, 'verb'),
(40, 26, 'adjective'),
(41, 27, 'noun'),
(42, 27, 'verb'),
(43, 28, 'noun'),
(44, 29, 'adjective'),
(45, 29, 'noun'),
(46, 30, 'noun'),
(47, 30, 'verb'),
(48, 31, 'verb'),
(49, 32, 'noun'),
(50, 33, 'noun'),
(51, 34, 'verb'),
(52, 34, 'noun'),
(53, 35, 'noun'),
(54, 36, 'verb'),
(55, 36, 'verb'),
(56, 37, 'noun'),
(57, 38, 'noun'),
(58, 38, 'noun'),
(59, 38, 'noun'),
(60, 39, 'noun'),
(61, 39, 'verb'),
(62, 40, 'adjective'),
(63, 41, 'adjective'),
(64, 42, 'adjective'),
(65, 43, 'noun'),
(66, 43, 'noun'),
(67, 43, 'noun'),
(68, 44, 'verb'),
(69, 45, 'verb'),
(70, 45, 'adjective'),
(71, 45, 'noun'),
(72, 46, 'noun'),
(73, 46, 'verb'),
(74, 47, 'adjective'),
(75, 47, 'adjective'),
(76, 48, 'noun'),
(77, 49, 'noun'),
(78, 50, 'verb'),
(79, 50, 'verb'),
(80, 50, 'verb'),
(81, 51, 'noun'),
(82, 52, 'noun'),
(83, 53, 'verb'),
(84, 53, 'verb'),
(85, 54, 'noun'),
(86, 55, 'noun'),
(87, 56, 'noun'),
(88, 57, 'noun'),
(89, 58, 'adjective'),
(90, 59, 'noun'),
(91, 60, 'noun'),
(92, 61, 'noun'),
(93, 62, 'adjective'),
(94, 62, 'noun'),
(95, 62, 'verb'),
(96, 63, 'noun'),
(97, 64, 'noun'),
(98, 65, 'noun'),
(99, 66, 'noun'),
(100, 67, 'noun'),
(101, 68, 'noun'),
(102, 69, 'verb'),
(103, 70, 'verb'),
(104, 71, 'adjective'),
(105, 71, 'noun'),
(106, 72, 'noun'),
(107, 73, 'noun'),
(108, 73, 'verb'),
(109, 74, 'noun'),
(110, 74, 'verb'),
(111, 75, 'verb'),
(112, 75, 'noun'),
(113, 76, 'adjective'),
(114, 77, 'verb'),
(115, 78, 'noun'),
(116, 79, 'noun'),
(117, 79, 'verb'),
(118, 80, 'adjective'),
(119, 81, 'adjective'),
(120, 82, 'adjective'),
(121, 83, 'noun'),
(122, 84, 'noun'),
(123, 85, 'noun'),
(124, 86, 'adjective'),
(125, 87, 'verb'),
(126, 88, 'noun'),
(127, 89, 'adjective'),
(128, 90, 'noun'),
(129, 90, 'adjective'),
(130, 91, 'noun'),
(131, 92, 'noun'),
(132, 93, 'verb'),
(133, 93, 'noun'),
(134, 94, 'noun'),
(135, 95, 'adjective'),
(136, 96, 'adjective'),
(137, 96, 'noun'),
(138, 97, 'verb'),
(139, 97, 'noun'),
(140, 98, 'verb'),
(141, 99, 'noun'),
(142, 100, 'noun'),
(143, 101, 'noun'),
(144, 101, 'adjective'),
(145, 102, 'formal'),
(146, 103, 'adjective'),
(147, 104, 'noun'),
(148, 105, 'noun'),
(149, 106, 'noun'),
(150, 107, 'adjective'),
(151, 107, 'adjective'),
(152, 108, 'noun'),
(153, 109, 'noun'),
(154, 110, 'noun'),
(155, 111, 'noun'),
(156, 112, 'verb'),
(157, 113, 'noun'),
(158, 114, 'noun'),
(159, 115, 'adjective'),
(160, 115, 'adjective'),
(161, 116, 'adjective'),
(162, 117, 'noun'),
(163, 117, 'noun'),
(164, 117, 'noun'),
(165, 118, 'noun'),
(166, 118, 'noun'),
(167, 119, 'noun'),
(168, 119, 'verb'),
(169, 120, 'verb'),
(170, 121, 'noun'),
(171, 122, 'noun'),
(172, 122, 'verb'),
(173, 123, 'noun'),
(174, 124, 'verb'),
(175, 125, 'noun'),
(176, 126, 'noun'),
(177, 127, 'transitive verb'),
(178, 128, 'verb'),
(179, 129, 'noun'),
(180, 130, 'adjective'),
(181, 130, 'adjective'),
(182, 131, 'noun'),
(183, 132, 'noun'),
(184, 132, 'verb'),
(185, 133, 'noun'),
(186, 134, 'adjective'),
(187, 134, 'noun'),
(188, 135, 'adjective'),
(189, 135, 'noun'),
(190, 136, 'noun'),
(191, 137, 'noun'),
(192, 138, 'noun'),
(193, 139, 'adjective'),
(194, 140, 'noun'),
(195, 141, 'noun'),
(196, 142, 'noun'),
(197, 143, 'noun'),
(198, 144, 'adjective'),
(199, 145, 'noun'),
(200, 146, 'verb'),
(201, 147, 'noun'),
(202, 148, 'verb'),
(203, 149, 'adverb'),
(204, 150, 'noun'),
(205, 150, 'verb'),
(206, 151, 'adjective'),
(207, 151, 'adjective'),
(208, 152, 'noun'),
(209, 153, 'noun'),
(210, 153, 'verb'),
(211, 154, 'noun'),
(212, 155, 'noun'),
(213, 156, 'verb'),
(214, 156, 'noun'),
(215, 157, 'noun'),
(216, 158, 'verb'),
(217, 159, 'noun'),
(218, 160, 'noun'),
(219, 161, 'noun'),
(220, 162, 'noun'),
(221, 163, 'adverb'),
(222, 164, 'adjective'),
(223, 165, 'See also: index'),
(224, 166, 'verb'),
(225, 167, 'noun'),
(226, 168, 'verb'),
(227, 168, 'verb'),
(228, 169, 'noun'),
(229, 169, 'verb'),
(230, 170, 'noun'),
(231, 171, ''),
(232, 172, 'noun'),
(233, 173, 'adjective'),
(234, 173, 'adjective'),
(235, 174, 'noun'),
(236, 175, 'noun'),
(237, 176, 'noun'),
(238, 177, 'adjective'),
(239, 178, 'verb'),
(240, 179, 'noun'),
(241, 180, 'See also: manoeuvre'),
(242, 181, 'noun'),
(243, 181, 'verb'),
(244, 182, 'verb'),
(245, 183, ''),
(246, 183, 'adjective'),
(247, 183, 'noun'),
(248, 184, ''),
(249, 184, 'noun'),
(250, 185, 'noun'),
(251, 186, 'adjective'),
(252, 186, 'adjective'),
(253, 187, 'verb'),
(254, 188, 'verb'),
(255, 188, 'verb'),
(256, 189, 'noun'),
(257, 189, 'adjective'),
(258, 190, 'noun'),
(259, 191, 'noun'),
(260, 192, 'noun'),
(261, 193, 'noun'),
(262, 194, 'verb'),
(263, 195, 'noun'),
(264, 196, 'noun'),
(265, 197, 'adjective'),
(266, 198, 'noun'),
(267, 199, 'verb'),
(268, 200, 'noun'),
(269, 201, 'noun'),
(270, 202, 'verb'),
(271, 203, 'adjective'),
(272, 203, 'noun'),
(273, 204, 'noun'),
(274, 204, 'verb'),
(275, 205, 'verb'),
(276, 205, 'adjective'),
(277, 206, 'adjective'),
(278, 206, 'noun'),
(279, 206, 'verb'),
(280, 207, 'noun'),
(281, 207, 'noun'),
(282, 208, 'adjective'),
(283, 209, 'noun'),
(284, 209, 'noun'),
(285, 210, 'noun'),
(286, 211, 'adjective'),
(287, 211, 'noun'),
(288, 212, 'noun'),
(289, 213, 'noun'),
(290, 214, 'adjective'),
(291, 215, 'noun'),
(292, 216, 'verb'),
(293, 216, 'noun'),
(294, 217, 'noun'),
(295, 218, 'noun'),
(296, 218, 'verb'),
(297, 219, 'noun'),
(298, 220, 'noun'),
(299, 220, 'verb'),
(300, 221, 'noun'),
(301, 221, 'adjective'),
(302, 222, 'adjective'),
(303, 223, 'adjective'),
(304, 224, 'verb'),
(305, 225, 'adjective'),
(306, 226, 'verb'),
(307, 227, 'noun'),
(308, 228, 'verb'),
(309, 228, 'verb'),
(310, 229, 'noun'),
(311, 229, 'verb'),
(312, 230, 'adjective'),
(313, 231, 'noun'),
(314, 231, 'verb');

-- --------------------------------------------------------

--
-- 表的结构 `vws_wordlist`
--

CREATE TABLE IF NOT EXISTS `vws_wordlist` (
  `id` mediumint(8) unsigned NOT NULL AUTO_INCREMENT,
  `wl_key` varchar(100) NOT NULL,
  `wl_date` int(10) unsigned NOT NULL,
  `label` varchar(100) NOT NULL,
  `text` varchar(100) NOT NULL,
  `sound` varchar(100) NOT NULL,
  PRIMARY KEY (`id`)
) ENGINE=InnoDB  DEFAULT CHARSET=utf8 AUTO_INCREMENT=232 ;

--
-- 转存表中的数据 `vws_wordlist`
--

INSERT INTO `vws_wordlist` (`id`, `wl_key`, `wl_date`, `label`, `text`, `sound`) VALUES
(1, 'doctrine', 1280855789, 'DJ', 'ˈdɒktrɪn', 'http://www.gstatic.com/dictionary/static/sounds/lf/0/d/do/doc/doctrine%23_gb_1.mp3'),
(2, 'stapler', 1280804588, 'DJ', 'ˈsteɪplə(r)', 'http://www.gstatic.com/dictionary/static/sounds/lf/0/s/st/sta/stapler%23_gb_1.mp3'),
(3, 'disdain', 1280803558, 'DJ', 'dɪsˈdeɪn', 'http://www.gstatic.com/dictionary/static/sounds/lf/0/d/di/dis/disdain%23_gb_1.mp3'),
(4, 'exclusive', 1280803413, 'DJ', 'ɪkˈskluːsɪv', 'http://www.gstatic.com/dictionary/static/sounds/lf/0/e/ex/exc/exclusive%23_gb_1.mp3'),
(5, 'escalate', 1280802670, 'DJ', 'ˈeskəleɪt', 'http://www.gstatic.com/dictionary/static/sounds/lf/0/e/es/esc/escalate%23_gb_1.mp3'),
(6, 'dignity', 1280799883, 'DJ', 'ˈdɪɡnəti', 'http://www.gstatic.com/dictionary/static/sounds/lf/0/d/di/dig/dignity%23_gb_1.mp3'),
(7, 'interrogation', 1280777468, 'DJ', 'ˈdɒktrɪn', 'http://www.gstatic.com/dictionary/static/sounds/lf/0/d/do/doc/doctrine%23_gb_1.mp3'),
(8, 'detainment', 1280777450, 'DJ', 'ˈdɒktrɪn', 'http://www.gstatic.com/dictionary/static/sounds/lf/0/d/do/doc/doctrine%23_gb_1.mp3'),
(9, 'analog', 1280773753, 'DJ', 'ˈdɒktrɪn', 'http://www.gstatic.com/dictionary/static/sounds/lf/0/d/do/doc/doctrine%23_gb_1.mp3'),
(10, 'dominion', 1280773415, 'DJ', 'dəˈmɪniən', 'http://www.gstatic.com/dictionary/static/sounds/lf/0/d/do/dom/dominion%23_gb_1.mp3'),
(11, 'obfuscation', 1280772670, 'DJ', 'ˈdɒktrɪn', 'http://www.gstatic.com/dictionary/static/sounds/lf/0/d/do/doc/doctrine%23_gb_1.mp3'),
(12, 'hunk', 1280765978, 'DJ', 'hʌŋk', 'http://www.gstatic.com/dictionary/static/sounds/lf/0/h/hu/hun/hunk%23_gb_1.mp3'),
(13, 'facility', 1280756276, 'DJ', 'fəˈsɪləti', 'http://www.gstatic.com/dictionary/static/sounds/lf/0/f/fa/fac/facility%23_gb_1.mp3'),
(14, 'bully', 1280748094, 'DJ', 'ˈbʊli', 'http://www.gstatic.com/dictionary/static/sounds/lf/0/b/bu/bul/bully%23_gb_1.mp3'),
(15, 'portion', 1280720631, 'DJ', 'ˈpɔːʃn', 'http://www.gstatic.com/dictionary/static/sounds/lf/0/p/po/por/portion%23_gb_1.mp3'),
(16, 'plasma', 1280700376, 'DJ', 'ˈplæzmə', 'http://www.gstatic.com/dictionary/static/sounds/lf/0/p/pl/pla/plasma%23_gb_1.mp3'),
(17, 'ethos', 1280699709, 'DJ', 'ˈiːθɒs', 'http://www.gstatic.com/dictionary/static/sounds/lf/0/e/et/eth/ethos%23_gb_1.mp3'),
(18, 'throttle', 1280699656, 'DJ', 'ˈθrɒtl', 'http://www.gstatic.com/dictionary/static/sounds/lf/0/t/th/thr/throttle%23_gb_1.mp3'),
(19, 'foster', 1280699636, 'DJ', 'ˈfɒstə(r)', 'http://www.gstatic.com/dictionary/static/sounds/lf/0/f/fo/fos/foster%23_gb_1.mp3'),
(20, 'inspirational', 1280699190, 'DJ', 'ˌɪnspəˈreɪʃənl', 'http://www.gstatic.com/dictionary/static/sounds/lf/0/i/in/ins/inspirational%23_gb_1.mp3'),
(21, 'craft', 1280699017, 'DJ', 'krɑːft', 'http://www.gstatic.com/dictionary/static/sounds/lf/0/c/cr/cra/craft%23_gb_1.mp3'),
(22, 'plasma', 1280646376, 'DJ', 'ˈplæzmə', 'http://www.gstatic.com/dictionary/static/sounds/lf/0/p/pl/pla/plasma%23_gb_1.mp3'),
(23, 'ethos', 1280645709, 'DJ', 'ˈiːθɒs', 'http://www.gstatic.com/dictionary/static/sounds/lf/0/e/et/eth/ethos%23_gb_1.mp3'),
(24, 'preserve', 1280645709, 'DJ', 'prɪˈzɜːv', 'http://www.gstatic.com/dictionary/static/sounds/lf/0/p/pr/pre/preserve%23_gb_1.mp3'),
(25, 'throttle', 1280645656, 'DJ', 'ˈθrɒtl', 'http://www.gstatic.com/dictionary/static/sounds/lf/0/t/th/thr/throttle%23_gb_1.mp3'),
(26, 'foster', 1280645636, 'DJ', 'ˈfɒstə(r)', 'http://www.gstatic.com/dictionary/static/sounds/lf/0/f/fo/fos/foster%23_gb_1.mp3'),
(27, 'craft', 1280645017, 'DJ', 'krɑːft', 'http://www.gstatic.com/dictionary/static/sounds/lf/0/c/cr/cra/craft%23_gb_1.mp3'),
(28, 'vignette', 1280644972, 'DJ', 'vɪnˈjet', 'http://www.gstatic.com/dictionary/static/sounds/lf/0/v/vi/vig/vignette%23_gb_1.mp3'),
(29, 'notable', 1280644746, 'DJ', 'ˈnəʊtəbl', 'http://www.gstatic.com/dictionary/static/sounds/lf/0/n/no/not/notable%23_gb_1.mp3'),
(30, 'pirate', 1280644697, 'DJ', 'ˈpaɪrət', 'http://www.gstatic.com/dictionary/static/sounds/lf/0/p/pi/pir/pirate%23_gb_1.mp3'),
(31, 'encompass', 1280644652, 'DJ', 'ɪnˈkʌmpəs', 'http://www.gstatic.com/dictionary/static/sounds/lf/0/e/en/enc/encompass%23_gb_1.mp3'),
(32, 'equilibrium', 1280643800, 'DJ', 'ˌiːkwɪˈlɪbriəm', 'http://www.gstatic.com/dictionary/static/sounds/lf/0/e/eq/equ/equilibrium%23_gb_1.mp3'),
(33, 'tragedy', 1280640340, 'DJ', 'ˈtrædʒədi', 'http://www.gstatic.com/dictionary/static/sounds/lf/0/t/tr/tra/tragedy%23_gb_1.mp3'),
(34, 'thrust', 1280636258, 'DJ', 'θrʌst', 'http://www.gstatic.com/dictionary/static/sounds/lf/0/t/th/thr/thrust%23_gb_1.mp3'),
(35, 'spire', 1280610925, 'DJ', 'ˈspaɪə(r)', 'http://www.gstatic.com/dictionary/static/sounds/lf/0/s/sp/spi/spire%23_gb_1.mp3'),
(36, 'strive', 1280610857, 'DJ', 'straɪv', 'http://www.gstatic.com/dictionary/static/sounds/lf/0/s/st/str/strive%23_gb_1.mp3'),
(37, 'hatred', 1280609984, 'DJ', 'ˈheɪtrɪd', 'http://www.gstatic.com/dictionary/static/sounds/lf/0/h/ha/hat/hatred%23_gb_1.mp3'),
(38, 'deference', 1280605354, 'DJ', 'ˈdefərəns', 'http://www.gstatic.com/dictionary/static/sounds/lf/0/d/de/def/deference%23_gb_1.mp3'),
(39, 'prospect', 1280588481, 'DJ', 'ˈdɒktrɪn', 'http://www.gstatic.com/dictionary/static/sounds/lf/0/d/do/doc/doctrine%23_gb_1.mp3'),
(40, 'focal', 1280588152, 'DJ', 'ˈfəʊkl', 'http://www.gstatic.com/dictionary/static/sounds/lf/0/f/fo/foc/focal%23_gb_1.mp3'),
(41, 'seamless', 1280588097, 'DJ', 'ˈsiːmləs', 'http://www.gstatic.com/dictionary/static/sounds/lf/0/s/se/sea/seamless%23_gb_1.mp3'),
(42, 'subtle', 1280588013, 'DJ', 'ˈsʌtl', 'http://www.gstatic.com/dictionary/static/sounds/lf/0/s/su/sub/subtle%23_gb_1.mp3'),
(43, 'typography', 1280587943, 'DJ', 'taɪˈpɒɡrəfi', 'http://www.gstatic.com/dictionary/static/sounds/lf/0/t/ty/typ/typography%23_gb_1.mp3'),
(44, 'distinguish', 1280569391, 'DJ', 'dɪˈstɪŋɡwɪʃ', 'http://www.gstatic.com/dictionary/static/sounds/lf/0/d/di/dis/distinguish%23_gb_1.mp3'),
(45, 'duplicate', 1280568298, 'DJ', 'ˈdɒktrɪn', 'http://www.gstatic.com/dictionary/static/sounds/lf/0/d/do/doc/doctrine%23_gb_1.mp3'),
(46, 'caption', 1280549133, 'DJ', 'ˈkæpʃn', 'http://www.gstatic.com/dictionary/static/sounds/lf/0/c/ca/cap/caption%23_gb_1.mp3'),
(47, 'irreversible', 1280541009, 'DJ', 'ˌɪrɪˈvɜːsəbl', 'http://www.gstatic.com/dictionary/static/sounds/lf/0/i/ir/irr/irreversible%23_gb_1.mp3'),
(48, 'inconsistency', 1280525089, 'DJ', 'ˈdɒktrɪn', 'http://www.gstatic.com/dictionary/static/sounds/lf/0/d/do/doc/doctrine%23_gb_1.mp3'),
(49, 'thesaurus', 1280520849, 'DJ', 'θɪˈsɔːrəs', 'http://www.gstatic.com/dictionary/static/sounds/lf/0/t/th/the/thesaurus%23_gb_1.mp3'),
(50, 'deprecate', 1280520032, 'DJ', 'ˈdeprəkeɪt', 'http://www.gstatic.com/dictionary/static/sounds/lf/0/d/de/dep/deprecate%23_gb_1.mp3'),
(51, 'accuracy', 1280519376, 'DJ', 'ˈækjərəsi', 'http://www.gstatic.com/dictionary/static/sounds/lf/0/a/ac/acc/accuracy%23_gb_1.mp3'),
(52, 'veracity', 1280519266, 'DJ', 'vəˈræsəti', 'http://www.gstatic.com/dictionary/static/sounds/lf/0/v/ve/ver/veracity%23_gb_1.mp3'),
(53, 'incorporate', 1280519139, 'DJ', 'ɪnˈkɔːpəreɪt', 'http://www.gstatic.com/dictionary/static/sounds/lf/0/i/in/inc/incorporate%23_gb_1.mp3'),
(54, 'clarification', 1280519058, 'DJ', 'ˈdɒktrɪn', 'http://www.gstatic.com/dictionary/static/sounds/lf/0/d/do/doc/doctrine%23_gb_1.mp3'),
(55, 'caveat', 1280518971, 'DJ', 'ˈkæviæt', 'http://www.gstatic.com/dictionary/static/sounds/lf/0/c/ca/cav/caveat%23_gb_1.mp3'),
(56, 'integration', 1280518620, 'DJ', 'ˌɪntɪˈɡreɪʃn', 'http://www.gstatic.com/dictionary/static/sounds/lf/0/i/in/int/integration%23_gb_1.mp3'),
(57, 'appendix', 1280518362, 'DJ', 'əˈpendɪks', 'http://www.gstatic.com/dictionary/static/sounds/lf/0/a/ap/app/appendix%23_gb_1.mp3'),
(58, 'consistent', 1280487620, 'DJ', 'kənˈsɪstənt', 'http://www.gstatic.com/dictionary/static/sounds/lf/0/x/xc/xco/xconsistent%23_gb_1.mp3'),
(59, 'tendency', 1280487472, 'DJ', 'ˈtendənsi', 'http://www.gstatic.com/dictionary/static/sounds/lf/0/t/te/ten/tendency%23_gb_1.mp3'),
(60, 'chamber', 1280482077, 'DJ', 'ˈtʃeɪmbə(r)', 'http://www.gstatic.com/dictionary/static/sounds/lf/0/c/ch/cha/chamber%23_gb_1.mp3'),
(61, 'procedure', 1280471883, 'DJ', 'prəˈsiːdʒə(r)', 'http://www.gstatic.com/dictionary/static/sounds/lf/0/p/pr/pro/procedure%23_gb_1.mp3'),
(62, 'parallel', 1280471455, 'DJ', 'ˈpærəlel', 'http://www.gstatic.com/dictionary/static/sounds/lf/0/p/pa/par/parallel%23_gb_1.mp3'),
(63, 'aspect', 1280471296, 'DJ', 'ˈæspekt', 'http://www.gstatic.com/dictionary/static/sounds/lf/0/a/as/asp/aspect%23_gb_1.mp3'),
(64, 'fruition', 1280470362, 'DJ', 'fruˈɪʃn', 'http://www.gstatic.com/dictionary/static/sounds/lf/0/f/fr/fru/fruition%23_gb_1.mp3'),
(65, 'faculty', 1280468993, 'DJ', 'ˈfæklti', 'http://www.gstatic.com/dictionary/static/sounds/lf/0/f/fa/fac/faculty%23_gb_1.mp3'),
(66, 'promotion', 1280468904, 'DJ', 'prəˈməʊʃn', 'http://www.gstatic.com/dictionary/static/sounds/lf/0/p/pr/pro/promotion%23_gb_1.mp3'),
(67, 'asset', 1280467079, 'DJ', 'ˈæset', 'http://www.gstatic.com/dictionary/static/sounds/lf/0/a/as/ass/asset%23_gb_1.mp3'),
(68, 'succession', 1280466998, 'DJ', 'səkˈseʃn', 'http://www.gstatic.com/dictionary/static/sounds/lf/0/s/su/suc/succession%23_gb_1.mp3'),
(69, 'emerge', 1280466963, 'DJ', 'iˈmɜːdʒ', 'http://www.gstatic.com/dictionary/static/sounds/lf/0/e/em/eme/emerge%23_gb_1.mp3'),
(70, 'oversee', 1280466801, 'DJ', 'ˌəʊvəˈsiː', 'http://www.gstatic.com/dictionary/static/sounds/lf/0/o/ov/ove/oversee%23_gb_1.mp3'),
(71, 'subsidiary', 1280466789, 'DJ', 'səbˈsɪdiəri', 'http://www.gstatic.com/dictionary/static/sounds/lf/0/s/su/sub/subsidiary%23_gb_1.mp3'),
(72, 'conglomerate', 1280466742, 'DJ', 'kənˈɡlɒmərət', 'http://www.gstatic.com/dictionary/static/sounds/lf/0/x/xc/xco/xconglomerate%23_gb_1.mp3'),
(73, 'sacrifice', 1280392309, 'DJ', 'ˈsækrɪfaɪs', 'http://www.gstatic.com/dictionary/static/sounds/lf/0/s/sa/sac/sacrifice%23_gb_1.mp3'),
(74, 'outfit', 1280195543, 'DJ', 'ˈaʊtfɪt', 'http://www.gstatic.com/dictionary/static/sounds/lf/0/o/ou/out/outfit%23_gb_1.mp3'),
(75, 'shrink', 1279771208, 'DJ', 'ʃrɪŋk', 'http://www.gstatic.com/dictionary/static/sounds/lf/0/s/sh/shr/shrink%23_gb_1.mp3'),
(76, 'makeshift', 1279771087, 'DJ', 'ˈmeɪkʃɪft', 'http://www.gstatic.com/dictionary/static/sounds/lf/0/m/ma/mak/makeshift%23_gb_1.mp3'),
(77, 'infiltrate', 1279588302, 'DJ', 'ˈɪnfɪltreɪt', 'http://www.gstatic.com/dictionary/static/sounds/lf/0/i/in/inf/infiltrate%23_gb_1.mp3'),
(78, 'penalty', 1279587774, 'DJ', 'ˈpenəlti', 'http://www.gstatic.com/dictionary/static/sounds/lf/0/p/pe/pen/penalty%23_gb_1.mp3'),
(79, 'rope', 1279587476, 'DJ', 'rəʊp', 'http://www.gstatic.com/dictionary/static/sounds/lf/0/r/ro/rop/rope%23_gb_1.mp3'),
(80, 'catastrophic', 1279587223, 'DJ', 'ˈdɒktrɪn', 'http://www.gstatic.com/dictionary/static/sounds/lf/0/d/do/doc/doctrine%23_gb_1.mp3'),
(81, 'astral', 1279587063, 'DJ', 'ˈæstrəl', ''),
(82, 'eternal', 1278836882, 'DJ', 'ɪˈtɜːnl', 'http://www.gstatic.com/dictionary/static/sounds/lf/0/e/et/ete/eternal%23_gb_1.mp3'),
(83, 'seduction', 1278836872, 'DJ', 'ˈdɒktrɪn', 'http://www.gstatic.com/dictionary/static/sounds/lf/0/d/do/doc/doctrine%23_gb_1.mp3'),
(84, 'ensemble', 1278753036, 'DJ', 'ɒnˈsɒmbl', 'http://www.gstatic.com/dictionary/static/sounds/lf/0/e/en/ens/ensemble%23_gb_1.mp3'),
(85, 'intervention', 1278546831, 'DJ', 'ˈdɒktrɪn', 'http://www.gstatic.com/dictionary/static/sounds/lf/0/d/do/doc/doctrine%23_gb_1.mp3'),
(86, 'coincident', 1278365909, 'DJ', 'kəʊˈɪnsɪdənt', 'http://www.gstatic.com/dictionary/static/sounds/lf/0/c/co/coi/coincident%23_gb_1.mp3'),
(87, 'correlate', 1274938312, 'DJ', 'ˈkɒrəleɪt', 'http://www.gstatic.com/dictionary/static/sounds/lf/0/c/co/cor/correlate%23_gb_1.mp3'),
(88, 'robustness', 1274916965, 'DJ', 'ˈdɒktrɪn', 'http://www.gstatic.com/dictionary/static/sounds/lf/0/d/do/doc/doctrine%23_gb_1.mp3'),
(89, 'verbatim', 1274845565, 'DJ', 'vɜːˈbeɪtɪm', 'http://www.gstatic.com/dictionary/static/sounds/lf/0/v/ve/ver/verbatim%23_gb_1.mp3'),
(90, 'portrait', 1274733379, 'DJ', 'ˈpɔːtreɪt', 'http://www.gstatic.com/dictionary/static/sounds/lf/0/p/po/por/portrait%23_gb_1.mp3'),
(91, 'substance', 1274731364, 'DJ', 'ˈsʌbstəns', 'http://www.gstatic.com/dictionary/static/sounds/lf/0/s/su/sub/substance%23_gb_1.mp3'),
(92, 'circuitry', 1274731321, 'DJ', 'ˈsɜːkɪtri', 'http://www.gstatic.com/dictionary/static/sounds/lf/0/c/ci/cir/circuitry%23_gb_1.mp3'),
(93, 'tingle', 1274731303, 'DJ', 'ˈtɪŋɡl', 'http://www.gstatic.com/dictionary/static/sounds/lf/0/t/ti/tin/tingle%23_gb_1.mp3'),
(94, 'penalty', 1274731123, 'DJ', 'ˈpenəlti', 'http://www.gstatic.com/dictionary/static/sounds/lf/0/p/pe/pen/penalty%23_gb_1.mp3'),
(95, 'pesky', 1274730637, 'DJ', 'ˈpeski', 'http://www.gstatic.com/dictionary/static/sounds/lf/0/p/pe/pes/pesky%23_gb_1.mp3'),
(96, 'inferior', 1274730587, 'DJ', 'ɪnˈfɪəriə(r)', 'http://www.gstatic.com/dictionary/static/sounds/lf/0/i/in/inf/inferior%23_gb_1.mp3'),
(97, 'shred', 1274730569, 'DJ', 'ʃred', 'http://www.gstatic.com/dictionary/static/sounds/lf/0/s/sh/shr/shred%23_gb_1.mp3'),
(98, 'percolate', 1274730549, 'DJ', 'ˈpɜːkəleɪt', 'http://www.gstatic.com/dictionary/static/sounds/lf/0/p/pe/per/percolate%23_gb_1.mp3'),
(99, 'drudgery', 1274730532, 'DJ', 'ˈdrʌdʒəri', 'http://www.gstatic.com/dictionary/static/sounds/lf/0/d/dr/dru/drudgery%23_gb_1.mp3'),
(100, 'eternity', 1274730520, 'DJ', 'ɪˈtɜːnəti', 'http://www.gstatic.com/dictionary/static/sounds/lf/0/e/et/ete/eternity%23_gb_1.mp3'),
(101, 'novelty', 1274729564, 'DJ', 'ˈnɒvlti', 'http://www.gstatic.com/dictionary/static/sounds/lf/0/n/no/nov/novelty%23_gb_1.mp3'),
(102, 'conveyor', 1274728869, 'DJ', 'kənˈveɪə(r)', 'http://www.gstatic.com/dictionary/static/sounds/lf/0/x/xc/xco/xconveyor%23_gb_1.mp3'),
(103, 'exuberant', 1274686671, 'DJ', 'ɪɡˈzjuːbərənt', 'http://www.gstatic.com/dictionary/static/sounds/lf/0/e/ex/exu/exuberant%23_gb_1.mp3'),
(104, 'reenactment', 1274672281, 'DJ', 'ˈdɒktrɪn', 'http://www.gstatic.com/dictionary/static/sounds/lf/0/d/do/doc/doctrine%23_gb_1.mp3'),
(105, 'cliche', 1274665945, 'DJ', 'ˈdɒktrɪn', 'http://www.gstatic.com/dictionary/static/sounds/lf/0/d/do/doc/doctrine%23_gb_1.mp3'),
(106, 'hierarchy', 1274565523, 'DJ', 'ˈhaɪərɑːki', 'http://www.gstatic.com/dictionary/static/sounds/lf/0/h/hi/hie/hierarchy%23_gb_1.mp3'),
(107, 'sufficient', 1274565397, 'DJ', 'səˈfɪʃnt', 'http://www.gstatic.com/dictionary/static/sounds/lf/0/s/su/suf/sufficient%23_gb_1.mp3'),
(108, 'purpose', 1274565227, 'DJ', 'ˈpɜːpəs', 'http://www.gstatic.com/dictionary/static/sounds/lf/0/p/pu/pur/purpose%23_gb_1.mp3'),
(109, 'memo', 1274564262, 'DJ', 'ˈmeməʊ', 'http://www.gstatic.com/dictionary/static/sounds/lf/0/m/me/mem/memo%23_gb_1.mp3'),
(110, 'pitfall', 1274505811, 'DJ', 'ˈpɪtfɔːl', 'http://www.gstatic.com/dictionary/static/sounds/lf/0/p/pi/pit/pitfall%23_gb_1.mp3'),
(111, 'maniac', 1274505283, 'DJ', 'ˈmeɪniæk', 'http://www.gstatic.com/dictionary/static/sounds/lf/0/m/ma/man/maniac%23_gb_1.mp3'),
(112, 'sever', 1274503122, 'DJ', 'ˈsevə(r)', 'http://www.gstatic.com/dictionary/static/sounds/lf/0/s/se/sev/sever%23_gb_1.mp3'),
(113, 'consciousness', 1274503048, 'DJ', 'ˈkɒnʃəsnəs', 'http://www.gstatic.com/dictionary/static/sounds/lf/0/x/xc/xco/xconsciousness%23_gb_1.mp3'),
(114, 'stronghold', 1274467231, 'DJ', 'ˈstrɒŋhəʊld', 'http://www.gstatic.com/dictionary/static/sounds/lf/0/s/st/str/stronghold%23_gb_1.mp3'),
(115, 'heterogeneous', 1274399142, 'DJ', 'ˌhetərəˈdʒiːniəs', 'http://www.gstatic.com/dictionary/static/sounds/lf/0/h/he/het/heterogeneous%23_gb_1.mp3'),
(116, 'obsolete', 1273937327, 'DJ', 'ˈɒbsəliːt', 'http://www.gstatic.com/dictionary/static/sounds/lf/0/o/ob/obs/obsolete%23_gb_1.mp3'),
(117, 'agnostic', 1273875444, 'DJ', 'æɡˈnɒstɪk', 'http://www.gstatic.com/dictionary/static/sounds/lf/0/a/ag/agn/agnostic%23_gb_1.mp3'),
(118, 'anarchist', 1273875444, 'DJ', 'ˈænəkɪst', 'http://www.gstatic.com/dictionary/static/sounds/lf/0/a/an/ana/anarchist%23_gb_1.mp3'),
(119, 'dash', 1273871643, 'DJ', 'dæʃ', 'http://www.gstatic.com/dictionary/static/sounds/lf/0/d/da/das/dash%23_gb_1.mp3'),
(120, 'grieve', 1273871508, 'DJ', 'ɡriːv', 'http://www.gstatic.com/dictionary/static/sounds/lf/0/g/gr/gri/grieve%23_gb_1.mp3'),
(121, 'denial', 1273871508, 'DJ', 'dɪˈnaɪəl', 'http://www.gstatic.com/dictionary/static/sounds/lf/0/d/de/den/denial%23_gb_1.mp3'),
(122, 'bargain', 1273871508, 'DJ', 'ˈbɑːɡən', 'http://www.gstatic.com/dictionary/static/sounds/lf/0/b/ba/bar/bargain%23_gb_1.mp3'),
(123, 'acceptance', 1273871508, 'DJ', 'əkˈseptəns', 'http://www.gstatic.com/dictionary/static/sounds/lf/0/a/ac/acc/acceptance%23_gb_1.mp3'),
(124, 'relieve', 1273867059, 'DJ', 'rɪˈliːv', 'http://www.gstatic.com/dictionary/static/sounds/lf/0/r/re/rel/relieve%23_gb_1.mp3'),
(125, 'grief', 1273867059, 'DJ', 'ɡriːf', 'http://www.gstatic.com/dictionary/static/sounds/lf/0/g/gr/gri/grief%23_gb_1.mp3'),
(126, 'jibber', 1273862623, 'DJ', 'ˈdɒktrɪn', 'http://www.gstatic.com/dictionary/static/sounds/lf/0/d/do/doc/doctrine%23_gb_1.mp3'),
(127, 'flabbergast', 1273862596, 'DJ', 'ˈdɒktrɪn', 'http://www.gstatic.com/dictionary/static/sounds/lf/0/d/do/doc/doctrine%23_gb_1.mp3'),
(128, 'despise', 1273702814, 'DJ', 'dɪˈspaɪz', 'http://www.gstatic.com/dictionary/static/sounds/lf/0/d/de/des/despise%23_gb_1.mp3'),
(129, 'rebellion', 1273702729, 'DJ', 'rɪˈbeljən', 'http://www.gstatic.com/dictionary/static/sounds/lf/0/r/re/reb/rebellion%23_gb_1.mp3'),
(130, 'consecutive', 1273700931, 'DJ', 'kənˈsekjətɪv', 'http://www.gstatic.com/dictionary/static/sounds/lf/0/x/xc/xco/xconsecutive%23_gb_1.mp3'),
(131, 'compliance', 1273615542, 'DJ', 'kəmˈplaɪəns', 'http://www.gstatic.com/dictionary/static/sounds/lf/0/c/co/com/compliance%23_gb_1.mp3'),
(132, 'audit', 1273615527, 'DJ', 'ˈɔːdɪt', 'http://www.gstatic.com/dictionary/static/sounds/lf/0/a/au/aud/audit%23_gb_1.mp3'),
(133, 'reconciliation', 1273615505, 'DJ', 'ˌrekənsɪliˈeɪʃn', 'http://www.gstatic.com/dictionary/static/sounds/lf/0/r/re/rec/reconciliation%23_gb_1.mp3'),
(134, 'senior', 1273613171, 'DJ', 'ˈsiːniə(r)', 'http://www.gstatic.com/dictionary/static/sounds/lf/0/s/se/sen/senior%23_gb_1.mp3'),
(135, 'junior', 1273613157, 'DJ', 'ˈdʒuːniə(r)', 'http://www.gstatic.com/dictionary/static/sounds/lf/0/j/ju/jun/junior%23_gb_1.mp3'),
(136, 'freshman', 1273613147, 'DJ', 'ˈfreʃmən', 'http://www.gstatic.com/dictionary/static/sounds/lf/0/f/fr/fre/freshman%23_gb_1.mp3'),
(137, 'sophomore', 1273613130, 'DJ', 'ˈsɒfəmɔː(r)', 'http://www.gstatic.com/dictionary/static/sounds/lf/0/s/so/sop/sophomore%23_gb_1.mp3'),
(138, 'proficiency', 1273608082, 'DJ', 'ˈdɒktrɪn', 'http://www.gstatic.com/dictionary/static/sounds/lf/0/d/do/doc/doctrine%23_gb_1.mp3'),
(139, 'peculiar', 1273606541, 'DJ', 'pɪˈkjuːliə(r)', 'http://www.gstatic.com/dictionary/static/sounds/lf/0/p/pe/pec/peculiar%23_gb_1.mp3'),
(140, 'residence', 1273604356, 'DJ', 'ˈrezɪdəns', 'http://www.gstatic.com/dictionary/static/sounds/lf/0/r/re/res/residence%23_gb_1.mp3'),
(141, 'evaluation', 1273604285, 'DJ', 'ˈdɒktrɪn', 'http://www.gstatic.com/dictionary/static/sounds/lf/0/d/do/doc/doctrine%23_gb_1.mp3'),
(142, 'pharmacy', 1273511125, 'DJ', 'ˈfɑːməsi', 'http://www.gstatic.com/dictionary/static/sounds/lf/0/p/ph/pha/pharmacy%23_gb_1.mp3'),
(143, 'wrangler', 1273352749, 'DJ', 'ˈdɒktrɪn', 'http://www.gstatic.com/dictionary/static/sounds/lf/0/d/do/doc/doctrine%23_gb_1.mp3'),
(144, 'ethnic', 1273352532, 'DJ', 'ˈeθnɪk', 'http://www.gstatic.com/dictionary/static/sounds/lf/0/e/et/eth/ethnic%23_gb_1.mp3'),
(145, 'surrealist', 1273350761, 'DJ', 'ˈdɒktrɪn', 'http://www.gstatic.com/dictionary/static/sounds/lf/0/d/do/doc/doctrine%23_gb_1.mp3'),
(146, 'demonstrate', 1273350747, 'DJ', 'ˈdemənstreɪt', 'http://www.gstatic.com/dictionary/static/sounds/lf/0/d/de/dem/demonstrate%23_gb_1.mp3'),
(147, 'species', 1273350725, 'DJ', 'ˈspiːʃiːz', 'http://www.gstatic.com/dictionary/static/sounds/lf/0/s/sp/spe/species%23_gb_1.mp3'),
(148, 'reveal', 1273350707, 'DJ', 'rɪˈviːl', 'http://www.gstatic.com/dictionary/static/sounds/lf/0/r/re/rev/reveal%23_gb_1.mp3'),
(149, 'profoundly', 1273350691, 'DJ', 'prəˈfaʊndli', 'http://www.gstatic.com/dictionary/static/sounds/lf/0/p/pr/pro/profoundly%23_gb_1.mp3'),
(150, 'hazard', 1273350679, 'DJ', 'ˈhæzəd', 'http://www.gstatic.com/dictionary/static/sounds/lf/0/h/ha/haz/hazard%23_gb_1.mp3'),
(151, 'bottomless', 1273350661, 'DJ', 'ˈbɒtəmləs', 'http://www.gstatic.com/dictionary/static/sounds/lf/0/b/bo/bot/bottomless%23_gb_1.mp3'),
(152, 'narrative', 1273350553, 'DJ', 'ˈnærətɪv', 'http://www.gstatic.com/dictionary/static/sounds/lf/0/n/na/nar/narrative%23_gb_1.mp3'),
(153, 'grip', 1273350536, 'DJ', 'ɡrɪp', 'http://www.gstatic.com/dictionary/static/sounds/lf/0/g/gr/gri/grip%23_gb_1.mp3'),
(154, 'majority', 1273350521, 'DJ', 'məˈdʒɒrəti', 'http://www.gstatic.com/dictionary/static/sounds/lf/0/m/ma/maj/majority%23_gb_1.mp3'),
(155, 'texture', 1273350495, 'DJ', 'ˈtekstʃə(r)', 'http://www.gstatic.com/dictionary/static/sounds/lf/0/t/te/tex/texture%23_gb_1.mp3'),
(156, 'regret', 1273350479, 'DJ', 'rɪˈɡret', 'http://www.gstatic.com/dictionary/static/sounds/lf/0/r/re/reg/regret%23_gb_1.mp3'),
(157, 'complexity', 1273350461, 'DJ', 'kəmˈpleksəti', 'http://www.gstatic.com/dictionary/static/sounds/lf/0/c/co/com/complexity%23_gb_1.mp3'),
(158, 'refine', 1273350430, 'DJ', 'rɪˈfaɪn', 'http://www.gstatic.com/dictionary/static/sounds/lf/0/r/re/ref/refine%23_gb_1.mp3'),
(159, 'glitch', 1273350366, 'DJ', 'ɡlɪtʃ', 'http://www.gstatic.com/dictionary/static/sounds/lf/0/g/gl/gli/glitch%23_gb_1.mp3'),
(160, 'ammunition', 1273281185, 'DJ', 'ˌæmjuˈnɪʃn', 'http://www.gstatic.com/dictionary/static/sounds/lf/0/a/am/amm/ammunition%23_gb_1.mp3'),
(161, 'illusion', 1273280878, 'DJ', 'ɪˈluːʒn', 'http://www.gstatic.com/dictionary/static/sounds/lf/0/i/il/ill/illusion%23_gb_1.mp3'),
(162, 'consortium', 1273220618, 'DJ', 'kənˈsɔːtiəm', 'http://www.gstatic.com/dictionary/static/sounds/lf/0/x/xc/xco/xconsortium%23_gb_1.mp3'),
(163, 'explicitly', 1273219449, 'DJ', 'ˈdɒktrɪn', 'http://www.gstatic.com/dictionary/static/sounds/lf/0/d/do/doc/doctrine%23_gb_1.mp3'),
(164, 'negotiable', 1273144813, 'DJ', 'nɪˈɡəʊʃiəbl', 'http://www.gstatic.com/dictionary/static/sounds/lf/0/n/ne/neg/negotiable%23_gb_1.mp3'),
(165, 'indices', 1273054343, '', '', ''),
(166, 'assign', 1273054149, 'DJ', 'əˈsaɪn', 'http://www.gstatic.com/dictionary/static/sounds/lf/0/a/as/ass/assign%23_gb_1.mp3'),
(167, 'redemption', 1273048102, 'DJ', 'rɪˈdempʃn', 'http://www.gstatic.com/dictionary/static/sounds/lf/0/r/re/red/redemption%23_gb_1.mp3'),
(168, 'snooze', 1273032711, 'DJ', 'snuːz', 'http://www.gstatic.com/dictionary/static/sounds/lf/0/s/sn/sno/snooze%23_gb_1.mp3'),
(169, 'hoax', 1272977453, 'DJ', 'həʊks', 'http://www.gstatic.com/dictionary/static/sounds/lf/0/h/ho/hoa/hoax%23_gb_1.mp3'),
(170, 'shorthand', 1272977002, 'DJ', 'ˈʃɔːthænd', 'http://www.gstatic.com/dictionary/static/sounds/lf/0/s/sh/sho/shorthand%23_gb_1.mp3'),
(171, 'perishable', 1272976916, 'DJ', 'ˈperɪʃəbl', 'http://www.gstatic.com/dictionary/static/sounds/lf/0/p/pe/per/perishable%23_gb_1.mp3'),
(172, 'morphology', 1272884702, 'DJ', 'mɔːˈfɒlədʒi', 'http://www.gstatic.com/dictionary/static/sounds/lf/0/m/mo/mor/morphology%23_gb_1.mp3'),
(173, 'remarkable', 1272884360, 'DJ', 'rɪˈmɑːkəbl', 'http://www.gstatic.com/dictionary/static/sounds/lf/0/r/re/rem/remarkable%23_gb_1.mp3'),
(174, 'pentagon', 1272884250, 'DJ', 'ˈpentəɡən', 'http://www.gstatic.com/dictionary/static/sounds/lf/0/p/pe/pen/pentagon%23_gb_1.mp3'),
(175, 'apocalypse', 1280817299, 'DJ', 'əˈpɒkəlɪps', 'http://www.gstatic.com/dictionary/static/sounds/lf/0/a/ap/apo/apocalypse%23_gb_1.mp3'),
(176, 'mindset', 1280817299, 'DJ', 'ˈmaɪndset', 'http://www.gstatic.com/dictionary/static/sounds/lf/0/m/mi/min/mindset%23_gb_1.mp3'),
(177, 'acrobatic', 1280817299, 'DJ', 'ˌækrəˈbætɪk', 'http://www.gstatic.com/dictionary/static/sounds/lf/0/a/ac/acr/acrobatic%23_gb_1.mp3'),
(178, 'embody', 1280817299, 'DJ', 'ɪmˈbɒdi', 'http://www.gstatic.com/dictionary/static/sounds/lf/0/e/em/emb/embody%23_gb_1.mp3'),
(179, 'efficiency', 1280817299, 'DJ', 'ɪˈfɪʃnsi', 'http://www.gstatic.com/dictionary/static/sounds/lf/0/e/ef/eff/efficiency%23_gb_1.mp3'),
(180, 'maneuver', 1280817299, '', '', ''),
(181, 'discipline', 1280817299, 'DJ', 'ˈdɪsəplɪn', 'http://www.gstatic.com/dictionary/static/sounds/lf/0/d/di/dis/discipline%23_gb_1.mp3'),
(182, 'emphasize', 1280817299, 'DJ', 'ˈdɒktrɪn', 'http://www.gstatic.com/dictionary/static/sounds/lf/0/d/do/doc/doctrine%23_gb_1.mp3'),
(183, 'aesthetic', 1280817299, 'DJ', 'iːsˈθetɪk', 'http://www.gstatic.com/dictionary/static/sounds/lf/0/a/ae/aes/aesthetic%23_gb_1.mp3'),
(184, 'grail', 1280817299, 'DJ', 'ɡreɪl', 'http://www.gstatic.com/dictionary/static/sounds/lf/0/g/gr/gra/grail%23_gb_1.mp3'),
(185, 'inclination', 1280817299, 'DJ', 'ˌɪnklɪˈneɪʃn', 'http://www.gstatic.com/dictionary/static/sounds/lf/0/i/in/inc/inclination%23_gb_1.mp3'),
(186, 'overwhelming', 1280817299, 'DJ', 'ˌəʊvəˈwelmɪŋ', 'http://www.gstatic.com/dictionary/static/sounds/lf/0/o/ov/ove/overwhelming%23_gb_1.mp3'),
(187, 'hearken', 1280817299, 'DJ', 'ˈhɑːkən', 'http://www.gstatic.com/dictionary/static/sounds/lf/0/h/he/hea/hearken%23_gb_1.mp3'),
(188, 'demilitarize', 1280817299, 'DJ', 'ˈdɒktrɪn', 'http://www.gstatic.com/dictionary/static/sounds/lf/0/d/do/doc/doctrine%23_gb_1.mp3'),
(189, 'vintage', 1280817299, 'DJ', 'ˈvɪntɪdʒ', 'http://www.gstatic.com/dictionary/static/sounds/lf/0/v/vi/vin/vintage%23_gb_1.mp3'),
(190, 'entity', 1280817299, 'DJ', 'ˈentəti', 'http://www.gstatic.com/dictionary/static/sounds/lf/0/e/en/ent/entity%23_gb_1.mp3'),
(191, 'compilation', 1280817299, 'DJ', 'ˌkɒmpɪˈleɪʃn', 'http://www.gstatic.com/dictionary/static/sounds/lf/0/c/co/com/compilation%23_gb_1.mp3'),
(192, 'redemption', 1280817299, 'DJ', 'rɪˈdempʃn', 'http://www.gstatic.com/dictionary/static/sounds/lf/0/r/re/red/redemption%23_gb_1.mp3'),
(193, 'quota', 1280817299, 'DJ', 'ˈkwəʊtə', 'http://www.gstatic.com/dictionary/static/sounds/lf/0/q/qu/quo/quota%23_gb_1.mp3'),
(194, 'unleash', 1280817299, 'DJ', 'ʌnˈliːʃ', 'http://www.gstatic.com/dictionary/static/sounds/lf/0/u/un/unl/unleash%23_gb_1.mp3'),
(195, 'novice', 1280817299, 'DJ', 'ˈnɒvɪs', 'http://www.gstatic.com/dictionary/static/sounds/lf/0/n/no/nov/novice%23_gb_1.mp3'),
(196, 'grocery', 1280817299, 'DJ', 'ˈɡrəʊsəri', 'http://www.gstatic.com/dictionary/static/sounds/lf/0/g/gr/gro/grocery%23_gb_1.mp3'),
(197, 'reusable', 1280817299, 'DJ', 'ˌriːˈjuːzəbl', 'http://www.gstatic.com/dictionary/static/sounds/lf/0/r/re/reu/reusable%23_gb_1.mp3'),
(198, 'facility', 1280817299, 'DJ', 'fəˈsɪləti', 'http://www.gstatic.com/dictionary/static/sounds/lf/0/f/fa/fac/facility%23_gb_1.mp3'),
(199, 'determine', 1280817299, 'DJ', 'dɪˈtɜːmɪn', 'http://www.gstatic.com/dictionary/static/sounds/lf/0/d/de/det/determine%23_gb_1.mp3'),
(200, 'corruption', 1280817299, 'DJ', 'kəˈrʌpʃn', 'http://www.gstatic.com/dictionary/static/sounds/lf/0/c/co/cor/corruption%23_gb_1.mp3'),
(201, 'faggot', 1280817299, 'DJ', 'ˈfæɡət', 'http://www.gstatic.com/dictionary/static/sounds/lf/0/f/fa/fag/faggot%23_gb_1.mp3'),
(202, 'drown', 1280817299, 'DJ', 'draʊn', 'http://www.gstatic.com/dictionary/static/sounds/lf/0/d/dr/dro/drown%23_gb_1.mp3'),
(203, 'intent', 1280817299, 'DJ', 'ɪnˈtent', 'http://www.gstatic.com/dictionary/static/sounds/lf/0/i/in/int/intent%23_gb_1.mp3'),
(204, 'troll', 1280817299, 'DJ', 'trəʊl', 'http://www.gstatic.com/dictionary/static/sounds/lf/0/t/tr/tro/troll%23_gb_2.mp3'),
(205, 'pretend', 1280817299, 'DJ', 'prɪˈtend', 'http://www.gstatic.com/dictionary/static/sounds/lf/0/p/pr/pre/pretend%23_gb_1.mp3'),
(206, 'slick', 1280817299, 'DJ', 'slɪk', 'http://www.gstatic.com/dictionary/static/sounds/lf/0/s/sl/sli/slick%23_gb_1.mp3'),
(207, 'infrastructure', 1280817299, 'DJ', 'ˈɪnfrəstrʌktʃə(r)', 'http://www.gstatic.com/dictionary/static/sounds/lf/0/i/in/inf/infrastructure%23_gb_1.mp3'),
(208, 'nifty', 1280817299, 'DJ', 'ˈnɪfti', 'http://www.gstatic.com/dictionary/static/sounds/lf/0/n/ni/nif/nifty%23_gb_1.mp3'),
(209, 'spec', 1280817299, 'DJ', 'spek', 'http://www.gstatic.com/dictionary/static/sounds/lf/0/s/sp/spe/spec%23_gb_1.mp3'),
(210, 'jargon', 1280817299, 'DJ', 'ˈdʒɑːɡən', 'http://www.gstatic.com/dictionary/static/sounds/lf/0/j/ja/jar/jargon%23_gb_1.mp3'),
(211, 'potential', 1280817299, 'DJ', 'pəˈtenʃl', 'http://www.gstatic.com/dictionary/static/sounds/lf/0/p/po/pot/potential%23_gb_1.mp3'),
(212, 'Louvre', 1280817299, 'DJ', 'ˈdɒktrɪn', 'http://www.gstatic.com/dictionary/static/sounds/lf/0/d/do/doc/doctrine%23_gb_1.mp3'),
(213, 'substance', 1280817299, 'DJ', 'ˈsʌbstəns', 'http://www.gstatic.com/dictionary/static/sounds/lf/0/s/su/sub/substance%23_gb_1.mp3'),
(214, 'proprietary', 1280817299, 'DJ', 'prəˈpraɪətri', 'http://www.gstatic.com/dictionary/static/sounds/lf/0/p/pr/pro/proprietary%23_gb_1.mp3'),
(215, 'portal', 1280817299, 'DJ', 'ˈpɔːtl', 'http://www.gstatic.com/dictionary/static/sounds/lf/0/p/po/por/portal%23_gb_1.mp3'),
(216, 'haunt', 1280817299, 'DJ', 'hɔːnt', 'http://www.gstatic.com/dictionary/static/sounds/lf/0/h/ha/hau/haunt%23_gb_1.mp3'),
(217, 'Sagittarius', 1280817299, 'DJ', 'ˌsædʒɪˈteəriəs', 'http://www.gstatic.com/dictionary/static/sounds/lf/0/s/sa/sag/sagittarius%23_gb_1.mp3'),
(218, 'shape', 1280817299, 'DJ', 'ʃeɪp', 'http://www.gstatic.com/dictionary/static/sounds/lf/0/s/sh/sha/shape%23_gb_1.mp3'),
(219, 'notation', 1280817299, 'DJ', 'nəʊˈteɪʃn', 'http://www.gstatic.com/dictionary/static/sounds/lf/0/n/no/not/notation%23_gb_1.mp3'),
(220, 'segment', 1280817299, 'DJ', 'ˈseɡmənt', 'http://www.gstatic.com/dictionary/static/sounds/lf/0/s/se/seg/segment%23_gb_1.mp3'),
(221, 'interior', 1280817299, 'DJ', 'ˈsteɪplə(r)', 'http://www.gstatic.com/dictionary/static/sounds/lf/0/s/st/sta/stapler%23_gb_1.mp3'),
(222, 'rational', 1280817299, 'DJ', 'dɪsˈdeɪn', 'http://www.gstatic.com/dictionary/static/sounds/lf/0/d/di/dis/disdain%23_gb_1.mp3'),
(223, 'identical', 1280817299, 'DJ', 'ɪkˈskluːsɪv', 'http://www.gstatic.com/dictionary/static/sounds/lf/0/e/ex/exc/exclusive%23_gb_1.mp3'),
(224, 'reassemble', 1280817299, 'DJ', 'ˈeskəleɪt', 'http://www.gstatic.com/dictionary/static/sounds/lf/0/e/es/esc/escalate%23_gb_1.mp3'),
(225, 'finite', 1280817299, 'DJ', 'ˈdɪɡnəti', 'http://www.gstatic.com/dictionary/static/sounds/lf/0/d/di/dig/dignity%23_gb_1.mp3'),
(226, 'investigate', 1280817299, 'DJ', 'ˈdɒktrɪn', 'http://www.gstatic.com/dictionary/static/sounds/lf/0/d/do/doc/doctrine%23_gb_1.mp3'),
(227, 'subcontractor', 1280817299, 'DJ', 'ˈdɒktrɪn', 'http://www.gstatic.com/dictionary/static/sounds/lf/0/d/do/doc/doctrine%23_gb_1.mp3'),
(228, 'reiterate', 1280817299, 'DJ', 'ˈdɒktrɪn', 'http://www.gstatic.com/dictionary/static/sounds/lf/0/d/do/doc/doctrine%23_gb_1.mp3'),
(229, 'consent', 1280817299, 'DJ', 'dəˈmɪniən', 'http://www.gstatic.com/dictionary/static/sounds/lf/0/d/do/dom/dominion%23_gb_1.mp3'),
(230, 'adjustable', 1280817299, 'DJ', 'ˈdɒktrɪn', 'http://www.gstatic.com/dictionary/static/sounds/lf/0/d/do/doc/doctrine%23_gb_1.mp3'),
(231, 'deposit', 1280817299, 'DJ', 'hʌŋk', 'http://www.gstatic.com/dictionary/static/sounds/lf/0/h/hu/hun/hunk%23_gb_1.mp3');

--
-- 限制导出的表
--

--
-- 限制表 `vws_def`
--
ALTER TABLE `vws_def`
  ADD CONSTRAINT `vws_def_ibfk_1` FOREIGN KEY (`pid`) REFERENCES `vws_pos` (`id`) ON DELETE CASCADE;

--
-- 限制表 `vws_pos`
--
ALTER TABLE `vws_pos`
  ADD CONSTRAINT `vws_pos_ibfk_2` FOREIGN KEY (`wid`) REFERENCES `vws_wordlist` (`id`) ON DELETE CASCADE;

/*!40101 SET CHARACTER_SET_CLIENT=@OLD_CHARACTER_SET_CLIENT */;
/*!40101 SET CHARACTER_SET_RESULTS=@OLD_CHARACTER_SET_RESULTS */;
/*!40101 SET COLLATION_CONNECTION=@OLD_COLLATION_CONNECTION */;
